# SOURMASH-MANIFEST-VERSION: 1.0
internal_location,md5,md5short,ksize,moltype,num,scaled,n_hashes,with_abundance,name,filename
4bd52a3498864f1061a5492a62681f5d,4bd52a3498864f1061a5492a62681f5d,4bd52a34,31,DNA,0,1000,2167,False,,1313.17231.fna
63d93921d22e049a1bbca3961d430ac2,63d93921d22e049a1bbca3961d430ac2,63d93921,31,DNA,0,1000,2152,False,,1313.17178.fna
5a1d422bb5f2b98eda5e889feb5a4f68,5a1d422bb5f2b98eda5e889feb5a4f68,5a1d422b,31,DNA,0,1000,2583,False,,1313.17232.fna
33df4ed937c47368fa8b231671ba278c,33df4ed937c47368fa8b231671ba278c,33df4ed9,31,DNA,0,1000,2075,False,,1313.17157.fna
b411dfc35d70efa0da4abe91f94054b5,b411dfc35d70efa0da4abe91f94054b5,b411dfc3,31,DNA,0,1000,2155,False,,1313.17233.fna
c84cf5099ce7f3d8a7cb19824081e95c,c84cf5099ce7f3d8a7cb19824081e95c,c84cf509,31,DNA,0,1000,2030,False,,1313.17179.fna
faf6b33512c9b63474d2fc945bcb8c44,faf6b33512c9b63474d2fc945bcb8c44,faf6b335,31,DNA,0,1000,2130,False,,1313.17234.fna
4a324265dbc795b788581b9cf4c53e3d,4a324265dbc795b788581b9cf4c53e3d,4a324265,31,DNA,0,1000,2100,False,,1313.17137.fna
00c3f79dd4288ee4da5a904482e95a3f,00c3f79dd4288ee4da5a904482e95a3f,00c3f79d,31,DNA,0,1000,2129,False,,1313.17235.fna
f869db282f9d37e95678f4e0e83520bc,f869db282f9d37e95678f4e0e83520bc,f869db28,31,DNA,0,1000,2060,False,,1313.17181.fna
e60a205c8c285bd62de41af1f78e1790,e60a205c8c285bd62de41af1f78e1790,e60a205c,31,DNA,0,1000,2379,False,,1313.17236.fna
7a74d6d277ae6561329db84e84078126,7a74d6d277ae6561329db84e84078126,7a74d6d2,31,DNA,0,1000,2076,False,,1313.17158.fna
6d0e188509d9032dda502d3f4a84a74f,6d0e188509d9032dda502d3f4a84a74f,6d0e1885,31,DNA,0,1000,2091,False,,1313.17237.fna
62fe16142218a4bc9bb038f04dbe394b,62fe16142218a4bc9bb038f04dbe394b,62fe1614,31,DNA,0,1000,2088,False,,1313.17182.fna
745fe721393f974e08187a166ed00cd4,745fe721393f974e08187a166ed00cd4,745fe721,31,DNA,0,1000,2068,False,,1313.17238.fna
b6000ce5e7b0ad9b8f18bdf16ccbb43f,b6000ce5e7b0ad9b8f18bdf16ccbb43f,b6000ce5,31,DNA,0,1000,2072,False,,1313.17146.fna
7d9f423616e326f549c00cb00052e17e,7d9f423616e326f549c00cb00052e17e,7d9f4236,31,DNA,0,1000,2046,False,,1313.17239.fna
9926adde6e9d7b4e078fccf170d5be0b,9926adde6e9d7b4e078fccf170d5be0b,9926adde,31,DNA,0,1000,2086,False,,1313.17183.fna
b5ec06ad4f3db3ef746f99888c1a83f2,b5ec06ad4f3db3ef746f99888c1a83f2,b5ec06ad,31,DNA,0,1000,2095,False,,1313.17241.fna
1eea2c0394001f573f26811ff87a2b5f,1eea2c0394001f573f26811ff87a2b5f,1eea2c03,31,DNA,0,1000,2082,False,,1313.17159.fna
068a9e55165b8fde3f6656278802bcf0,068a9e55165b8fde3f6656278802bcf0,068a9e55,31,DNA,0,1000,2095,False,,1313.17242.fna
1229f48f4cff0ff2805c941bbbeca41b,1229f48f4cff0ff2805c941bbbeca41b,1229f48f,31,DNA,0,1000,2067,False,,1313.17184.fna
3acf950b2c3a53a5ecdc6d950e9a04ea,3acf950b2c3a53a5ecdc6d950e9a04ea,3acf950b,31,DNA,0,1000,2137,False,,1313.17243.fna
09ec238a594ede21fef768c2d73f0836,09ec238a594ede21fef768c2d73f0836,09ec238a,31,DNA,0,1000,2123,False,,1313.17141.fna
ece0918182bca06fcd01dda0e89ec499,ece0918182bca06fcd01dda0e89ec499,ece09181,31,DNA,0,1000,2101,False,,1313.17244.fna
6b58159a9f964c130059c321c1923252,6b58159a9f964c130059c321c1923252,6b58159a,31,DNA,0,1000,2108,False,,1313.17185.fna
505f7e71abd3a20767f85e432bfbd34b,505f7e71abd3a20767f85e432bfbd34b,505f7e71,31,DNA,0,1000,2091,False,,1313.17245.fna
28d1ad3d28f7d5ae28cf965259583046,28d1ad3d28f7d5ae28cf965259583046,28d1ad3d,31,DNA,0,1000,2058,False,,1313.17161.fna
31ae1ecbdbd82d52501b8bf4158d4d0d,31ae1ecbdbd82d52501b8bf4158d4d0d,31ae1ecb,31,DNA,0,1000,2103,False,,1313.17246.fna
6132d1c1e7c0da335dfeb4680247f922,6132d1c1e7c0da335dfeb4680247f922,6132d1c1,31,DNA,0,1000,2088,False,,1313.17186.fna
b7e09c1f57abe1e76bf30d27d821d896,b7e09c1f57abe1e76bf30d27d821d896,b7e09c1f,31,DNA,0,1000,2552,False,,1313.17247.fna
a3e0c874c0148dd927a5b0de4aeebfc5,a3e0c874c0148dd927a5b0de4aeebfc5,a3e0c874,31,DNA,0,1000,2127,False,,1313.17147.fna
360fd01b6814a5d59e323ea57081efa1,360fd01b6814a5d59e323ea57081efa1,360fd01b,31,DNA,0,1000,2049,False,,1313.17248.fna
5d70612559aab9cb4e4d88fd235b9610,5d70612559aab9cb4e4d88fd235b9610,5d706125,31,DNA,0,1000,2095,False,,1313.17187.fna
bc04ad8a494adb62eef1d876eb6900c2,bc04ad8a494adb62eef1d876eb6900c2,bc04ad8a,31,DNA,0,1000,2004,False,,1313.17249.fna
cff78e914015af959f7ce0c0b0042d1a,cff78e914015af959f7ce0c0b0042d1a,cff78e91,31,DNA,0,1000,2072,False,,1313.17162.fna
a8a74e781ef0531bae91c3ad116fd888,a8a74e781ef0531bae91c3ad116fd888,a8a74e78,31,DNA,0,1000,2000,False,,1313.17251.fna
352609e6eb318a7afee44cfe14accd06,352609e6eb318a7afee44cfe14accd06,352609e6,31,DNA,0,1000,2101,False,,1313.17188.fna
edece8424a03bef7bef7894c902ddd1c,edece8424a03bef7bef7894c902ddd1c,edece842,31,DNA,0,1000,2101,False,,1313.17252.fna
42653b6c3695611321b0c4c3c003fb9d,42653b6c3695611321b0c4c3c003fb9d,42653b6c,31,DNA,0,1000,1993,False,,1313.17136.fna
fc8e7be09c10047471ac18429cf2ae47,fc8e7be09c10047471ac18429cf2ae47,fc8e7be0,31,DNA,0,1000,2081,False,,1313.17253.fna
3c77e8f8467f98eba8dde4d079f35db2,3c77e8f8467f98eba8dde4d079f35db2,3c77e8f8,31,DNA,0,1000,2093,False,,1313.17189.fna
6c85a7e8ae9679953cc4bf48a1cf4a8f,6c85a7e8ae9679953cc4bf48a1cf4a8f,6c85a7e8,31,DNA,0,1000,2070,False,,1313.17254.fna
db159b972bbb89c0d5031a937a9be80a,db159b972bbb89c0d5031a937a9be80a,db159b97,31,DNA,0,1000,2078,False,,1313.17163.fna
dbab99b450bb9c500865c57add0c3ada,dbab99b450bb9c500865c57add0c3ada,dbab99b4,31,DNA,0,1000,2070,False,,1313.17255.fna
d68e17c1cbb4fca3a7f128264b73d1bf,d68e17c1cbb4fca3a7f128264b73d1bf,d68e17c1,31,DNA,0,1000,2080,False,,1313.17191.fna
a758d7d1deedd53bc9b82c0592131531,a758d7d1deedd53bc9b82c0592131531,a758d7d1,31,DNA,0,1000,2076,False,,1313.17256.fna
355020c590c26def455194e67be6e9e3,355020c590c26def455194e67be6e9e3,355020c5,31,DNA,0,1000,2099,False,,1313.17148.fna
0cc0fe43dcfadfb85a54642899d8b55e,0cc0fe43dcfadfb85a54642899d8b55e,0cc0fe43,31,DNA,0,1000,2033,False,,1313.17257.fna
b1b56a1e70c23c5857fead1ffa17c929,b1b56a1e70c23c5857fead1ffa17c929,b1b56a1e,31,DNA,0,1000,2090,False,,1313.17192.fna
fff5c3d18be5ac289cc77349d46284ac,fff5c3d18be5ac289cc77349d46284ac,fff5c3d1,31,DNA,0,1000,2023,False,,1313.17258.fna
34fa1ab5f9cc2dc4ed96d124adce62bc,34fa1ab5f9cc2dc4ed96d124adce62bc,34fa1ab5,31,DNA,0,1000,1998,False,,1313.17164.fna
c58ccb9ceeaa4493dcf90714efa52229,c58ccb9ceeaa4493dcf90714efa52229,c58ccb9c,31,DNA,0,1000,2276,False,,1313.17259.fna
b5bd028b084c14ec0d0a7b70c01d3c73,b5bd028b084c14ec0d0a7b70c01d3c73,b5bd028b,31,DNA,0,1000,2109,False,,1313.17193.fna
1076612a4c9770083c7010e2ddde451c,1076612a4c9770083c7010e2ddde451c,1076612a,31,DNA,0,1000,2028,False,,1313.17261.fna
63085b29626c0ad1010205065d7b9ab3,63085b29626c0ad1010205065d7b9ab3,63085b29,31,DNA,0,1000,2166,False,,1313.17142.fna
abc45c3b29acbcdc7fbbf4b0043013ce,abc45c3b29acbcdc7fbbf4b0043013ce,abc45c3b,31,DNA,0,1000,2014,False,,1313.17262.fna
96312e64012a3f8e577a88490968ee5a,96312e64012a3f8e577a88490968ee5a,96312e64,31,DNA,0,1000,2092,False,,1313.17194.fna
2123f10deb935f92fc972d7927e5107c,2123f10deb935f92fc972d7927e5107c,2123f10d,31,DNA,0,1000,2019,False,,1313.17263.fna
72bdd12636db5dfa7b8e2cff1f2d810c,72bdd12636db5dfa7b8e2cff1f2d810c,72bdd126,31,DNA,0,1000,2025,False,,1313.17165.fna
62fd495782c4222f3aa5a1e11788cb5d,62fd495782c4222f3aa5a1e11788cb5d,62fd4957,31,DNA,0,1000,2030,False,,1313.17264.fna
91f921f050b7de9c9da3528b3312982b,91f921f050b7de9c9da3528b3312982b,91f921f0,31,DNA,0,1000,2092,False,,1313.17195.fna
1733626d2eaf5e60781a61501b5d767c,1733626d2eaf5e60781a61501b5d767c,1733626d,31,DNA,0,1000,2018,False,,1313.17265.fna
9b1df0d2a46ec5845dce952766475b16,9b1df0d2a46ec5845dce952766475b16,9b1df0d2,31,DNA,0,1000,2057,False,,1313.17149.fna
1f50e304cb8519b2c1bc2ec451aabc90,1f50e304cb8519b2c1bc2ec451aabc90,1f50e304,31,DNA,0,1000,2021,False,,1313.17266.fna
fce2cb11e941581239b7cb1e6a02729a,fce2cb11e941581239b7cb1e6a02729a,fce2cb11,31,DNA,0,1000,2256,False,,1313.17196.fna
e93a1aecab2ac5cb9239acf0f18b140d,e93a1aecab2ac5cb9239acf0f18b140d,e93a1aec,31,DNA,0,1000,2061,False,,1313.17267.fna
8c402356af997df45f28ca57f6165593,8c402356af997df45f28ca57f6165593,8c402356,31,DNA,0,1000,2071,False,,1313.17166.fna
de12c4695ff1a431b50bada121dfcae6,de12c4695ff1a431b50bada121dfcae6,de12c469,31,DNA,0,1000,2067,False,,1313.17268.fna
09d50d99a5843e0cdd4e86ba803e5f3b,09d50d99a5843e0cdd4e86ba803e5f3b,09d50d99,31,DNA,0,1000,2063,False,,1313.17197.fna
c9d4e8b8e73f66344e6a00ac6287d0c4,c9d4e8b8e73f66344e6a00ac6287d0c4,c9d4e8b8,31,DNA,0,1000,2068,False,,1313.17269.fna
e7a05126f204ad5f0cc95323ffe55276,e7a05126f204ad5f0cc95323ffe55276,e7a05126,31,DNA,0,1000,2095,False,,1313.17138.fna
2003fadcea42c114939bcb3610caf21d,2003fadcea42c114939bcb3610caf21d,2003fadc,31,DNA,0,1000,2035,False,,1313.17271.fna
f427f4642232811cb901164e86cd470b,f427f4642232811cb901164e86cd470b,f427f464,31,DNA,0,1000,2102,False,,1313.17198.fna
1fde2efe0959e37f9bbf7f874de11a84,1fde2efe0959e37f9bbf7f874de11a84,1fde2efe,31,DNA,0,1000,2091,False,,1313.17272.fna
be1f19daf289d0c9c34fd93eea8412bb,be1f19daf289d0c9c34fd93eea8412bb,be1f19da,31,DNA,0,1000,2066,False,,1313.17167.fna
5af1d958d3cf6f839228120aa984047b,5af1d958d3cf6f839228120aa984047b,5af1d958,31,DNA,0,1000,2063,False,,1313.17273.fna
045008ba9e48e75edd914fc229aee711,045008ba9e48e75edd914fc229aee711,045008ba,31,DNA,0,1000,2082,False,,1313.17199.fna
7f7c35559b162429aa15aa745ab4f084,7f7c35559b162429aa15aa745ab4f084,7f7c3555,31,DNA,0,1000,2089,False,,1313.17274.fna
901f70cd954721013282c87d87f38d6b,901f70cd954721013282c87d87f38d6b,901f70cd,31,DNA,0,1000,2078,False,,1313.17151.fna
fd46cd444803ca0095345757492627c2,fd46cd444803ca0095345757492627c2,fd46cd44,31,DNA,0,1000,2044,False,,1313.17275.fna
55f7dc2a7f88c5860addf16d3e9d8e36,55f7dc2a7f88c5860addf16d3e9d8e36,55f7dc2a,31,DNA,0,1000,2109,False,,1313.17201.fna
1a3b4cf5046b13e57214f76a296e7f3a,1a3b4cf5046b13e57214f76a296e7f3a,1a3b4cf5,31,DNA,0,1000,2203,False,,1313.17276.fna
5df56a4331fd301118a4c5b0f925dbc4,5df56a4331fd301118a4c5b0f925dbc4,5df56a43,31,DNA,0,1000,2036,False,,1313.17168.fna
cde8e7a40fa4be617d86b6a9c69f62de,cde8e7a40fa4be617d86b6a9c69f62de,cde8e7a4,31,DNA,0,1000,2104,False,,1313.17277.fna
d4127b2ee67a4cf24fed0fedb5a33391,d4127b2ee67a4cf24fed0fedb5a33391,d4127b2e,31,DNA,0,1000,2205,False,,1313.17202.fna
72ab2decdb4935cc6cd0a479b508bd75,72ab2decdb4935cc6cd0a479b508bd75,72ab2dec,31,DNA,0,1000,2075,False,,1313.17278.fna
75e405ac4f0b08e4807f819dba7fef1a,75e405ac4f0b08e4807f819dba7fef1a,75e405ac,31,DNA,0,1000,2151,False,,1313.17143.fna
a6171865119b2c69e76f02f3b37d434c,a6171865119b2c69e76f02f3b37d434c,a6171865,31,DNA,0,1000,2122,False,,1313.17279.fna
40e21b2b5ae7adebe2b8efbfa598cb29,40e21b2b5ae7adebe2b8efbfa598cb29,40e21b2b,31,DNA,0,1000,2102,False,,1313.17203.fna
ca676fcef8ca535ae2a00ff88b1912f7,ca676fcef8ca535ae2a00ff88b1912f7,ca676fce,31,DNA,0,1000,2168,False,,1313.17281.fna
92b0488f2a85835ac85d108c7f5a6bf8,92b0488f2a85835ac85d108c7f5a6bf8,92b0488f,31,DNA,0,1000,2103,False,,1313.17169.fna
c567524a9546630172859407e5723bf4,c567524a9546630172859407e5723bf4,c567524a,31,DNA,0,1000,2033,False,,1313.17282.fna
4c14485caeea175eb776247bc774286a,4c14485caeea175eb776247bc774286a,4c14485c,31,DNA,0,1000,2083,False,,1313.17204.fna
6788c09584b9e726d92b4d44dab50ec7,6788c09584b9e726d92b4d44dab50ec7,6788c095,31,DNA,0,1000,2058,False,,1313.17283.fna
e0110e5400e3e3226860778b699ef9c9,e0110e5400e3e3226860778b699ef9c9,e0110e54,31,DNA,0,1000,2062,False,,1313.17153.fna
f9a52a53e69b2b3d5564b1252c547b21,f9a52a53e69b2b3d5564b1252c547b21,f9a52a53,31,DNA,0,1000,2159,False,,1313.17284.fna
a94035d8af57e50c022511eb8a6136a2,a94035d8af57e50c022511eb8a6136a2,a94035d8,31,DNA,0,1000,2037,False,,1313.17206.fna
3c682b95866368b5731dade78517b0a0,3c682b95866368b5731dade78517b0a0,3c682b95,31,DNA,0,1000,2108,False,,1313.17285.fna
e818ef573dbde28022010209f7293665,e818ef573dbde28022010209f7293665,e818ef57,31,DNA,0,1000,2102,False,,1313.17171.fna
c6fe39c8464d71490cdc41f1d484b650,c6fe39c8464d71490cdc41f1d484b650,c6fe39c8,31,DNA,0,1000,2107,False,,1313.17286.fna
471be810bd86d5f15f84fc69e63aa7bb,471be810bd86d5f15f84fc69e63aa7bb,471be810,31,DNA,0,1000,1919,False,,1313.17207.fna
e33559630e03ea49253e128faf2f3444,e33559630e03ea49253e128faf2f3444,e3355963,31,DNA,0,1000,2086,False,,1313.17287.fna
ef1e003d21011ca5c29114f8c9c54923,ef1e003d21011ca5c29114f8c9c54923,ef1e003d,31,DNA,0,1000,2017,False,,1313.17135.fna
dde42242f895017dcc2752dc80833dc7,dde42242f895017dcc2752dc80833dc7,dde42242,31,DNA,0,1000,2084,False,,1313.17288.fna
84160f3b7eccbc6ecaf555f7e2216a19,84160f3b7eccbc6ecaf555f7e2216a19,84160f3b,31,DNA,0,1000,2078,False,,1313.17208.fna
bda7b014ed5325677f3b92631cfa6d2e,bda7b014ed5325677f3b92631cfa6d2e,bda7b014,31,DNA,0,1000,2095,False,,1313.17289.fna
7e15c6dd325499359e6b7780936596ee,7e15c6dd325499359e6b7780936596ee,7e15c6dd,31,DNA,0,1000,2056,False,,1313.17172.fna
e792417a8867568b17d34a2576b34a77,e792417a8867568b17d34a2576b34a77,e792417a,31,DNA,0,1000,2079,False,,1313.17291.fna
685a9c87f49559ee8256e5457838e436,685a9c87f49559ee8256e5457838e436,685a9c87,31,DNA,0,1000,2091,False,,1313.17209.fna
364433455d467cc0d0c33cd9b9aa11bc,364433455d467cc0d0c33cd9b9aa11bc,36443345,31,DNA,0,1000,1980,False,,1313.17292.fna
890407fc38abbbff9f6f2bf2e150e93f,890407fc38abbbff9f6f2bf2e150e93f,890407fc,31,DNA,0,1000,2066,False,,1313.17154.fna
a92d91434da88d804b2cca23051708a1,a92d91434da88d804b2cca23051708a1,a92d9143,31,DNA,0,1000,2079,False,,1313.17293.fna
87ae4bea6c7ba849b82a54e1d96574eb,87ae4bea6c7ba849b82a54e1d96574eb,87ae4bea,31,DNA,0,1000,2344,False,,1313.17212.fna
33b4b74a424fcd99dae60b2fee1b66c7,33b4b74a424fcd99dae60b2fee1b66c7,33b4b74a,31,DNA,0,1000,2140,False,,1313.17294.fna
9f9bae03d261424e532ed28fd086c87c,9f9bae03d261424e532ed28fd086c87c,9f9bae03,31,DNA,0,1000,2006,False,,1313.17173.fna
427ea2990291473841d46187a4a16779,427ea2990291473841d46187a4a16779,427ea299,31,DNA,0,1000,2082,False,,1313.17295.fna
85c0f5e783b7406f9af9def502cb9390,85c0f5e783b7406f9af9def502cb9390,85c0f5e7,31,DNA,0,1000,2038,False,,1313.17214.fna
ffd8b4fcc84e6cd6348ab2902fa88db9,ffd8b4fcc84e6cd6348ab2902fa88db9,ffd8b4fc,31,DNA,0,1000,2039,False,,1313.17296.fna
6697715ff264049aaf506c346d225370,6697715ff264049aaf506c346d225370,6697715f,31,DNA,0,1000,2202,False,,1313.17144.fna
d574ab9bee53328c3e6b9dfa82a872ec,d574ab9bee53328c3e6b9dfa82a872ec,d574ab9b,31,DNA,0,1000,2062,False,,1313.17297.fna
142a72c71561da2e646d5938ed8af090,142a72c71561da2e646d5938ed8af090,142a72c7,31,DNA,0,1000,2130,False,,1313.17218.fna
457987944e538c3364f160125b552e1c,457987944e538c3364f160125b552e1c,45798794,31,DNA,0,1000,2326,False,,1313.17298.fna
6ccd463004ffbe92f61e2cefb83964e2,6ccd463004ffbe92f61e2cefb83964e2,6ccd4630,31,DNA,0,1000,2095,False,,1313.17174.fna
7ae1c2fc7a7b558101ec3a77ba5dc984,7ae1c2fc7a7b558101ec3a77ba5dc984,7ae1c2fc,31,DNA,0,1000,2118,False,,1313.17299.fna
892deb638356e625937e8627039ad3bf,892deb638356e625937e8627039ad3bf,892deb63,31,DNA,0,1000,2116,False,,1313.17223.fna
e41fe479e35faa0db814bc62fe50271d,e41fe479e35faa0db814bc62fe50271d,e41fe479,31,DNA,0,1000,2119,False,,1313.17301.fna
9eb14ee0c0986e25ffbe5d4d064f5bfd,9eb14ee0c0986e25ffbe5d4d064f5bfd,9eb14ee0,31,DNA,0,1000,1987,False,,1313.17155.fna
6e51c363b3b49be60c17d51f5ef2d6db,6e51c363b3b49be60c17d51f5ef2d6db,6e51c363,31,DNA,0,1000,2110,False,,1313.17302.fna
bfcaaed8160ffc624bedcfa95c0364f8,bfcaaed8160ffc624bedcfa95c0364f8,bfcaaed8,31,DNA,0,1000,2071,False,,1313.17224.fna
d55040fc8ddd24758a01eaeb41e7e553,d55040fc8ddd24758a01eaeb41e7e553,d55040fc,31,DNA,0,1000,2033,False,,1313.17303.fna
31d881a1fa044bbf7dded5350d08a69d,31d881a1fa044bbf7dded5350d08a69d,31d881a1,31,DNA,0,1000,2060,False,,1313.17175.fna
f94ee90bbc1d1b6d1584de314d2e7855,f94ee90bbc1d1b6d1584de314d2e7855,f94ee90b,31,DNA,0,1000,2157,False,,1313.17304.fna
8e353615c8834e20e76de0c939470ed5,8e353615c8834e20e76de0c939470ed5,8e353615,31,DNA,0,1000,2106,False,,1313.17225.fna
5105866a37e16099cda3213880f2542f,5105866a37e16099cda3213880f2542f,5105866a,31,DNA,0,1000,2084,False,,1313.17305.fna
6e54dd03f4e269af7b9121cfd8a6dfd0,6e54dd03f4e269af7b9121cfd8a6dfd0,6e54dd03,31,DNA,0,1000,2154,False,,1313.17139.fna
4c4979a7852e8bed2323bbb674dba17f,4c4979a7852e8bed2323bbb674dba17f,4c4979a7,31,DNA,0,1000,2106,False,,1313.17306.fna
0c11abd74d01fc64459fd3f936969490,0c11abd74d01fc64459fd3f936969490,0c11abd7,31,DNA,0,1000,2105,False,,1313.17226.fna
2dc131cb449490b21aeac4ee593020cb,2dc131cb449490b21aeac4ee593020cb,2dc131cb,31,DNA,0,1000,2086,False,,1313.17307.fna
e0cd1b695721adc030f842fc8b6172b5,e0cd1b695721adc030f842fc8b6172b5,e0cd1b69,31,DNA,0,1000,2116,False,,1313.17176.fna
b9e3293937cdad13077b903a71bc2ca7,b9e3293937cdad13077b903a71bc2ca7,b9e32939,31,DNA,0,1000,2121,False,,1313.17308.fna
637e2341b97f06994f4051daecc99f5c,637e2341b97f06994f4051daecc99f5c,637e2341,31,DNA,0,1000,2156,False,,1313.17227.fna
2febf69acb2a36979217e4bbd44b9298,2febf69acb2a36979217e4bbd44b9298,2febf69a,31,DNA,0,1000,2118,False,,1313.17309.fna
7f879c500b7ec1b72e86ee5ac53e876e,7f879c500b7ec1b72e86ee5ac53e876e,7f879c50,31,DNA,0,1000,2062,False,,1313.17156.fna
418d3615cd6af81867226832863e5633,418d3615cd6af81867226832863e5633,418d3615,31,DNA,0,1000,2081,False,,1313.17311.fna
1664620b46dbd57482dce40194c8fb5b,1664620b46dbd57482dce40194c8fb5b,1664620b,31,DNA,0,1000,2159,False,,1313.17228.fna
4f6ea4a7d175f0dd51640b89dcb5dd5a,4f6ea4a7d175f0dd51640b89dcb5dd5a,4f6ea4a7,31,DNA,0,1000,2047,False,,1313.17312.fna
cf6fb3c4d9fac601eb4dcd1d5cee5112,cf6fb3c4d9fac601eb4dcd1d5cee5112,cf6fb3c4,31,DNA,0,1000,2126,False,,1313.17177.fna
d18b9a35705f1b538341ed31d72a1ab9,d18b9a35705f1b538341ed31d72a1ab9,d18b9a35,31,DNA,0,1000,2091,False,,1313.17313.fna
d28aecb661015861887f864d93d900eb,d28aecb661015861887f864d93d900eb,d28aecb6,31,DNA,0,1000,2074,False,,1313.17229.fna
2495bbdf9cc8d1b113616374fac9e89d,2495bbdf9cc8d1b113616374fac9e89d,2495bbdf,31,DNA,0,1000,5401,False,,614.22.fna
46a42280ce12a96526916cbcb4981856,46a42280ce12a96526916cbcb4981856,46a42280,31,DNA,0,1000,2194,False,,1313.17145.fna
11e94bf874f707eb1244de3c9cde3d4c,11e94bf874f707eb1244de3c9cde3d4c,11e94bf8,31,DNA,0,1000,5408,False,,614.23.fna
