# SOURMASH-MANIFEST-VERSION: 1.0
internal_location,md5,md5short,ksize,moltype,num,scaled,n_hashes,with_abundance,name,filename
33b4b74a424fcd99dae60b2fee1b66c7,33b4b74a424fcd99dae60b2fee1b66c7,33b4b74a,31,DNA,0,1000,2140,False,,1313.17294.fna
31d881a1fa044bbf7dded5350d08a69d,31d881a1fa044bbf7dded5350d08a69d,31d881a1,31,DNA,0,1000,2060,False,,1313.17175.fna
427ea2990291473841d46187a4a16779,427ea2990291473841d46187a4a16779,427ea299,31,DNA,0,1000,2082,False,,1313.17295.fna
5384fe2890147be232ae3f8f56418e7d,5384fe2890147be232ae3f8f56418e7d,5384fe28,31,DNA,0,1000,2046,False,,1313.17216.fna
ffd8b4fcc84e6cd6348ab2902fa88db9,ffd8b4fcc84e6cd6348ab2902fa88db9,ffd8b4fc,31,DNA,0,1000,2039,False,,1313.17296.fna
6e54dd03f4e269af7b9121cfd8a6dfd0,6e54dd03f4e269af7b9121cfd8a6dfd0,6e54dd03,31,DNA,0,1000,2154,False,,1313.17139.fna
d574ab9bee53328c3e6b9dfa82a872ec,d574ab9bee53328c3e6b9dfa82a872ec,d574ab9b,31,DNA,0,1000,2062,False,,1313.17297.fna
6a0b121696a6b9be0d14fe2e9555c9de,6a0b121696a6b9be0d14fe2e9555c9de,6a0b1216,31,DNA,0,1000,2042,False,,1313.17217.fna
457987944e538c3364f160125b552e1c,457987944e538c3364f160125b552e1c,45798794,31,DNA,0,1000,2326,False,,1313.17298.fna
e0cd1b695721adc030f842fc8b6172b5,e0cd1b695721adc030f842fc8b6172b5,e0cd1b69,31,DNA,0,1000,2116,False,,1313.17176.fna
7ae1c2fc7a7b558101ec3a77ba5dc984,7ae1c2fc7a7b558101ec3a77ba5dc984,7ae1c2fc,31,DNA,0,1000,2118,False,,1313.17299.fna
142a72c71561da2e646d5938ed8af090,142a72c71561da2e646d5938ed8af090,142a72c7,31,DNA,0,1000,2130,False,,1313.17218.fna
e41fe479e35faa0db814bc62fe50271d,e41fe479e35faa0db814bc62fe50271d,e41fe479,31,DNA,0,1000,2119,False,,1313.17301.fna
7f879c500b7ec1b72e86ee5ac53e876e,7f879c500b7ec1b72e86ee5ac53e876e,7f879c50,31,DNA,0,1000,2062,False,,1313.17156.fna
6e51c363b3b49be60c17d51f5ef2d6db,6e51c363b3b49be60c17d51f5ef2d6db,6e51c363,31,DNA,0,1000,2110,False,,1313.17302.fna
7c47f50c487bb8f10771fe4d21b7c3ad,7c47f50c487bb8f10771fe4d21b7c3ad,7c47f50c,31,DNA,0,1000,2051,False,,1313.17219.fna
d55040fc8ddd24758a01eaeb41e7e553,d55040fc8ddd24758a01eaeb41e7e553,d55040fc,31,DNA,0,1000,2033,False,,1313.17303.fna
cf6fb3c4d9fac601eb4dcd1d5cee5112,cf6fb3c4d9fac601eb4dcd1d5cee5112,cf6fb3c4,31,DNA,0,1000,2126,False,,1313.17177.fna
f94ee90bbc1d1b6d1584de314d2e7855,f94ee90bbc1d1b6d1584de314d2e7855,f94ee90b,31,DNA,0,1000,2157,False,,1313.17304.fna
836a31ce4da8130063c758aaf5ad8635,836a31ce4da8130063c758aaf5ad8635,836a31ce,31,DNA,0,1000,2120,False,,1313.17221.fna
5105866a37e16099cda3213880f2542f,5105866a37e16099cda3213880f2542f,5105866a,31,DNA,0,1000,2084,False,,1313.17305.fna
46a42280ce12a96526916cbcb4981856,46a42280ce12a96526916cbcb4981856,46a42280,31,DNA,0,1000,2194,False,,1313.17145.fna
4c4979a7852e8bed2323bbb674dba17f,4c4979a7852e8bed2323bbb674dba17f,4c4979a7,31,DNA,0,1000,2106,False,,1313.17306.fna
7e4c178d81a877fefeafb1cb7a6d4f28,7e4c178d81a877fefeafb1cb7a6d4f28,7e4c178d,31,DNA,0,1000,2042,False,,1313.17222.fna
2dc131cb449490b21aeac4ee593020cb,2dc131cb449490b21aeac4ee593020cb,2dc131cb,31,DNA,0,1000,2086,False,,1313.17307.fna
63d93921d22e049a1bbca3961d430ac2,63d93921d22e049a1bbca3961d430ac2,63d93921,31,DNA,0,1000,2152,False,,1313.17178.fna
b9e3293937cdad13077b903a71bc2ca7,b9e3293937cdad13077b903a71bc2ca7,b9e32939,31,DNA,0,1000,2121,False,,1313.17308.fna
892deb638356e625937e8627039ad3bf,892deb638356e625937e8627039ad3bf,892deb63,31,DNA,0,1000,2116,False,,1313.17223.fna
2febf69acb2a36979217e4bbd44b9298,2febf69acb2a36979217e4bbd44b9298,2febf69a,31,DNA,0,1000,2118,False,,1313.17309.fna
33df4ed937c47368fa8b231671ba278c,33df4ed937c47368fa8b231671ba278c,33df4ed9,31,DNA,0,1000,2075,False,,1313.17157.fna
418d3615cd6af81867226832863e5633,418d3615cd6af81867226832863e5633,418d3615,31,DNA,0,1000,2081,False,,1313.17311.fna
bfcaaed8160ffc624bedcfa95c0364f8,bfcaaed8160ffc624bedcfa95c0364f8,bfcaaed8,31,DNA,0,1000,2071,False,,1313.17224.fna
4f6ea4a7d175f0dd51640b89dcb5dd5a,4f6ea4a7d175f0dd51640b89dcb5dd5a,4f6ea4a7,31,DNA,0,1000,2047,False,,1313.17312.fna
c84cf5099ce7f3d8a7cb19824081e95c,c84cf5099ce7f3d8a7cb19824081e95c,c84cf509,31,DNA,0,1000,2030,False,,1313.17179.fna
d18b9a35705f1b538341ed31d72a1ab9,d18b9a35705f1b538341ed31d72a1ab9,d18b9a35,31,DNA,0,1000,2091,False,,1313.17313.fna
8e353615c8834e20e76de0c939470ed5,8e353615c8834e20e76de0c939470ed5,8e353615,31,DNA,0,1000,2106,False,,1313.17225.fna
b48ba6081279c864f58adbc7cabef3d9,b48ba6081279c864f58adbc7cabef3d9,b48ba608,31,DNA,0,1000,2082,False,,1313.17314.fna
4a324265dbc795b788581b9cf4c53e3d,4a324265dbc795b788581b9cf4c53e3d,4a324265,31,DNA,0,1000,2100,False,,1313.17137.fna
c74dc92671e33725375a52d94a92e84f,c74dc92671e33725375a52d94a92e84f,c74dc926,31,DNA,0,1000,2065,False,,1313.17315.fna
0c11abd74d01fc64459fd3f936969490,0c11abd74d01fc64459fd3f936969490,0c11abd7,31,DNA,0,1000,2105,False,,1313.17226.fna
abcc92da75305f8abf9645e95ac4af7a,abcc92da75305f8abf9645e95ac4af7a,abcc92da,31,DNA,0,1000,2063,False,,1313.17316.fna
f869db282f9d37e95678f4e0e83520bc,f869db282f9d37e95678f4e0e83520bc,f869db28,31,DNA,0,1000,2060,False,,1313.17181.fna
487e0d28ea962c0e51cec2aab9dc29e5,487e0d28ea962c0e51cec2aab9dc29e5,487e0d28,31,DNA,0,1000,2062,False,,1313.17317.fna
637e2341b97f06994f4051daecc99f5c,637e2341b97f06994f4051daecc99f5c,637e2341,31,DNA,0,1000,2156,False,,1313.17227.fna
a84c4935e18b68b975400e23f91240a0,a84c4935e18b68b975400e23f91240a0,a84c4935,31,DNA,0,1000,2107,False,,1313.17318.fna
7a74d6d277ae6561329db84e84078126,7a74d6d277ae6561329db84e84078126,7a74d6d2,31,DNA,0,1000,2076,False,,1313.17158.fna
0aeb42c22d25269e6732e9cbaab2b9b3,0aeb42c22d25269e6732e9cbaab2b9b3,0aeb42c2,31,DNA,0,1000,2028,False,,1313.17319.fna
1664620b46dbd57482dce40194c8fb5b,1664620b46dbd57482dce40194c8fb5b,1664620b,31,DNA,0,1000,2159,False,,1313.17228.fna
fa6206cc24ee8d8d2bbedc00df14edee,fa6206cc24ee8d8d2bbedc00df14edee,fa6206cc,31,DNA,0,1000,2057,False,,1313.17321.fna
62fe16142218a4bc9bb038f04dbe394b,62fe16142218a4bc9bb038f04dbe394b,62fe1614,31,DNA,0,1000,2088,False,,1313.17182.fna
9a92c2e9efb5af93d2fdb986de93e64f,9a92c2e9efb5af93d2fdb986de93e64f,9a92c2e9,31,DNA,0,1000,2071,False,,1313.17322.fna
d28aecb661015861887f864d93d900eb,d28aecb661015861887f864d93d900eb,d28aecb6,31,DNA,0,1000,2074,False,,1313.17229.fna
5a59d01d407250587cd998a1c630db5f,5a59d01d407250587cd998a1c630db5f,5a59d01d,31,DNA,0,1000,2112,False,,1313.17323.fna
b6000ce5e7b0ad9b8f18bdf16ccbb43f,b6000ce5e7b0ad9b8f18bdf16ccbb43f,b6000ce5,31,DNA,0,1000,2072,False,,1313.17146.fna
6cea7b5b7364e9dea7392a66b4b20630,6cea7b5b7364e9dea7392a66b4b20630,6cea7b5b,31,DNA,0,1000,2076,False,,1313.17324.fna
4bd52a3498864f1061a5492a62681f5d,4bd52a3498864f1061a5492a62681f5d,4bd52a34,31,DNA,0,1000,2167,False,,1313.17231.fna
88788e6cff2d40d46598f3ee1e540359,88788e6cff2d40d46598f3ee1e540359,88788e6c,31,DNA,0,1000,2068,False,,1313.17325.fna
9926adde6e9d7b4e078fccf170d5be0b,9926adde6e9d7b4e078fccf170d5be0b,9926adde,31,DNA,0,1000,2086,False,,1313.17183.fna
76f26310379559828a573bcd5658668f,76f26310379559828a573bcd5658668f,76f26310,31,DNA,0,1000,2111,False,,1313.17326.fna
5a1d422bb5f2b98eda5e889feb5a4f68,5a1d422bb5f2b98eda5e889feb5a4f68,5a1d422b,31,DNA,0,1000,2583,False,,1313.17232.fna
d5f249a6f94ec00900b2f3b19d32c2d7,d5f249a6f94ec00900b2f3b19d32c2d7,d5f249a6,31,DNA,0,1000,2076,False,,1313.17327.fna
1eea2c0394001f573f26811ff87a2b5f,1eea2c0394001f573f26811ff87a2b5f,1eea2c03,31,DNA,0,1000,2082,False,,1313.17159.fna
370bc991565f139b3d3fac5abe67edd4,370bc991565f139b3d3fac5abe67edd4,370bc991,31,DNA,0,1000,2035,False,,1313.17328.fna
b411dfc35d70efa0da4abe91f94054b5,b411dfc35d70efa0da4abe91f94054b5,b411dfc3,31,DNA,0,1000,2155,False,,1313.17233.fna
3613acd7c0c054d36286bb8b350d777a,3613acd7c0c054d36286bb8b350d777a,3613acd7,31,DNA,0,1000,2060,False,,1313.17329.fna
1229f48f4cff0ff2805c941bbbeca41b,1229f48f4cff0ff2805c941bbbeca41b,1229f48f,31,DNA,0,1000,2067,False,,1313.17184.fna
e1163ef72b76bf57aa030f2faec03315,e1163ef72b76bf57aa030f2faec03315,e1163ef7,31,DNA,0,1000,2034,False,,1313.17331.fna
faf6b33512c9b63474d2fc945bcb8c44,faf6b33512c9b63474d2fc945bcb8c44,faf6b335,31,DNA,0,1000,2130,False,,1313.17234.fna
52e60d6f28965ca7d17879efeccc6c66,52e60d6f28965ca7d17879efeccc6c66,52e60d6f,31,DNA,0,1000,2068,False,,1313.17332.fna
09ec238a594ede21fef768c2d73f0836,09ec238a594ede21fef768c2d73f0836,09ec238a,31,DNA,0,1000,2123,False,,1313.17141.fna
84fb6612997429c96f915b9defc7c0f9,84fb6612997429c96f915b9defc7c0f9,84fb6612,31,DNA,0,1000,2069,False,,1313.17333.fna
00c3f79dd4288ee4da5a904482e95a3f,00c3f79dd4288ee4da5a904482e95a3f,00c3f79d,31,DNA,0,1000,2129,False,,1313.17235.fna
c7ef2f3cc9db57925806acb79b1900a0,c7ef2f3cc9db57925806acb79b1900a0,c7ef2f3c,31,DNA,0,1000,2147,False,,1313.17334.fna
6b58159a9f964c130059c321c1923252,6b58159a9f964c130059c321c1923252,6b58159a,31,DNA,0,1000,2108,False,,1313.17185.fna
34d61f7ba94e50b548ba9d8ddd99c4db,34d61f7ba94e50b548ba9d8ddd99c4db,34d61f7b,31,DNA,0,1000,2109,False,,1313.17335.fna
e60a205c8c285bd62de41af1f78e1790,e60a205c8c285bd62de41af1f78e1790,e60a205c,31,DNA,0,1000,2379,False,,1313.17236.fna
6d24b58910ff6318293b5d31c6522c66,6d24b58910ff6318293b5d31c6522c66,6d24b589,31,DNA,0,1000,2097,False,,1313.17336.fna
28d1ad3d28f7d5ae28cf965259583046,28d1ad3d28f7d5ae28cf965259583046,28d1ad3d,31,DNA,0,1000,2058,False,,1313.17161.fna
b2ee382a50ecaed830fc9986297c6843,b2ee382a50ecaed830fc9986297c6843,b2ee382a,31,DNA,0,1000,2074,False,,1313.17337.fna
6d0e188509d9032dda502d3f4a84a74f,6d0e188509d9032dda502d3f4a84a74f,6d0e1885,31,DNA,0,1000,2091,False,,1313.17237.fna
bbf68dc5e26e51052b93996879c4d678,bbf68dc5e26e51052b93996879c4d678,bbf68dc5,31,DNA,0,1000,2039,False,,1313.17338.fna
6132d1c1e7c0da335dfeb4680247f922,6132d1c1e7c0da335dfeb4680247f922,6132d1c1,31,DNA,0,1000,2088,False,,1313.17186.fna
14c28932f57310b227c89825e8713c68,14c28932f57310b227c89825e8713c68,14c28932,31,DNA,0,1000,2038,False,,1313.17339.fna
745fe721393f974e08187a166ed00cd4,745fe721393f974e08187a166ed00cd4,745fe721,31,DNA,0,1000,2068,False,,1313.17238.fna
c9ad69aab2766c2d6a4da4708de3a708,c9ad69aab2766c2d6a4da4708de3a708,c9ad69aa,31,DNA,0,1000,2035,False,,1313.17341.fna
a3e0c874c0148dd927a5b0de4aeebfc5,a3e0c874c0148dd927a5b0de4aeebfc5,a3e0c874,31,DNA,0,1000,2127,False,,1313.17147.fna
b358110c7c0c4fe08ed3d8e105e975f0,b358110c7c0c4fe08ed3d8e105e975f0,b358110c,31,DNA,0,1000,2034,False,,1313.17342.fna
7d9f423616e326f549c00cb00052e17e,7d9f423616e326f549c00cb00052e17e,7d9f4236,31,DNA,0,1000,2046,False,,1313.17239.fna
60b17d6078ae4d93dafbbab026854a65,60b17d6078ae4d93dafbbab026854a65,60b17d60,31,DNA,0,1000,2028,False,,1313.17343.fna
5d70612559aab9cb4e4d88fd235b9610,5d70612559aab9cb4e4d88fd235b9610,5d706125,31,DNA,0,1000,2095,False,,1313.17187.fna
0cd4c9527f26fc41161fd0fa19ac2df1,0cd4c9527f26fc41161fd0fa19ac2df1,0cd4c952,31,DNA,0,1000,2045,False,,1313.17344.fna
b5ec06ad4f3db3ef746f99888c1a83f2,b5ec06ad4f3db3ef746f99888c1a83f2,b5ec06ad,31,DNA,0,1000,2095,False,,1313.17241.fna
0faee9aa740135c8b7b4e14431327426,0faee9aa740135c8b7b4e14431327426,0faee9aa,31,DNA,0,1000,2031,False,,1313.17345.fna
cff78e914015af959f7ce0c0b0042d1a,cff78e914015af959f7ce0c0b0042d1a,cff78e91,31,DNA,0,1000,2072,False,,1313.17162.fna
1f1797e190d8bc575448ba00feb4b3fb,1f1797e190d8bc575448ba00feb4b3fb,1f1797e1,31,DNA,0,1000,2084,False,,1313.17346.fna
068a9e55165b8fde3f6656278802bcf0,068a9e55165b8fde3f6656278802bcf0,068a9e55,31,DNA,0,1000,2095,False,,1313.17242.fna
f27ca42a9b797c61bb10ea5985f6d17e,f27ca42a9b797c61bb10ea5985f6d17e,f27ca42a,31,DNA,0,1000,2096,False,,1313.17347.fna
352609e6eb318a7afee44cfe14accd06,352609e6eb318a7afee44cfe14accd06,352609e6,31,DNA,0,1000,2101,False,,1313.17188.fna
14c28932f57310b227c89825e8713c68_0,14c28932f57310b227c89825e8713c68,14c28932,31,DNA,0,1000,2038,False,,1313.17348.fna
3acf950b2c3a53a5ecdc6d950e9a04ea,3acf950b2c3a53a5ecdc6d950e9a04ea,3acf950b,31,DNA,0,1000,2137,False,,1313.17243.fna
9df4b827d1986872496d2fb58ac640cb,9df4b827d1986872496d2fb58ac640cb,9df4b827,31,DNA,0,1000,2065,False,,1313.17349.fna
42653b6c3695611321b0c4c3c003fb9d,42653b6c3695611321b0c4c3c003fb9d,42653b6c,31,DNA,0,1000,1993,False,,1313.17136.fna
a77c4e1228c2d169a3806f01c7a73740,a77c4e1228c2d169a3806f01c7a73740,a77c4e12,31,DNA,0,1000,2061,False,,1313.17351.fna
ece0918182bca06fcd01dda0e89ec499,ece0918182bca06fcd01dda0e89ec499,ece09181,31,DNA,0,1000,2101,False,,1313.17244.fna
4682b71844557201b65943360021da0a,4682b71844557201b65943360021da0a,4682b718,31,DNA,0,1000,2069,False,,1313.17352.fna
3c77e8f8467f98eba8dde4d079f35db2,3c77e8f8467f98eba8dde4d079f35db2,3c77e8f8,31,DNA,0,1000,2093,False,,1313.17189.fna
09e51ef584f765a1c47021f9b3bcb2f1,09e51ef584f765a1c47021f9b3bcb2f1,09e51ef5,31,DNA,0,1000,2103,False,,1313.17353.fna
505f7e71abd3a20767f85e432bfbd34b,505f7e71abd3a20767f85e432bfbd34b,505f7e71,31,DNA,0,1000,2091,False,,1313.17245.fna
844b6f1eacf493f96976e0aa3ff4e306,844b6f1eacf493f96976e0aa3ff4e306,844b6f1e,31,DNA,0,1000,2032,False,,1313.17354.fna
db159b972bbb89c0d5031a937a9be80a,db159b972bbb89c0d5031a937a9be80a,db159b97,31,DNA,0,1000,2078,False,,1313.17163.fna
05a3480ad7fd3c6b46a6010187cfabb2,05a3480ad7fd3c6b46a6010187cfabb2,05a3480a,31,DNA,0,1000,2075,False,,1313.17355.fna
31ae1ecbdbd82d52501b8bf4158d4d0d,31ae1ecbdbd82d52501b8bf4158d4d0d,31ae1ecb,31,DNA,0,1000,2103,False,,1313.17246.fna
a3d729cb2177233b55faf6e0f22c9a5e,a3d729cb2177233b55faf6e0f22c9a5e,a3d729cb,31,DNA,0,1000,2073,False,,1313.17356.fna
d68e17c1cbb4fca3a7f128264b73d1bf,d68e17c1cbb4fca3a7f128264b73d1bf,d68e17c1,31,DNA,0,1000,2080,False,,1313.17191.fna
2a7c94a23ed27091aad6cc1ee206aa7d,2a7c94a23ed27091aad6cc1ee206aa7d,2a7c94a2,31,DNA,0,1000,2031,False,,1313.17357.fna
b7e09c1f57abe1e76bf30d27d821d896,b7e09c1f57abe1e76bf30d27d821d896,b7e09c1f,31,DNA,0,1000,2552,False,,1313.17247.fna
ec2fc0305d2f91b3f1405cee6ef31a96,ec2fc0305d2f91b3f1405cee6ef31a96,ec2fc030,31,DNA,0,1000,2074,False,,1313.17358.fna
355020c590c26def455194e67be6e9e3,355020c590c26def455194e67be6e9e3,355020c5,31,DNA,0,1000,2099,False,,1313.17148.fna
e495735e20f46ec6827abd72e1abef30,e495735e20f46ec6827abd72e1abef30,e495735e,31,DNA,0,1000,2032,False,,1313.17359.fna
360fd01b6814a5d59e323ea57081efa1,360fd01b6814a5d59e323ea57081efa1,360fd01b,31,DNA,0,1000,2049,False,,1313.17248.fna
fefd64f030b125f074f42571ef5c67e5,fefd64f030b125f074f42571ef5c67e5,fefd64f0,31,DNA,0,1000,2070,False,,1313.17361.fna
b1b56a1e70c23c5857fead1ffa17c929,b1b56a1e70c23c5857fead1ffa17c929,b1b56a1e,31,DNA,0,1000,2090,False,,1313.17192.fna
088b051f1ad3e81b7d08ba9bc8d89229,088b051f1ad3e81b7d08ba9bc8d89229,088b051f,31,DNA,0,1000,2024,False,,1313.17362.fna
bc04ad8a494adb62eef1d876eb6900c2,bc04ad8a494adb62eef1d876eb6900c2,bc04ad8a,31,DNA,0,1000,2004,False,,1313.17249.fna
a32e0bd41c201d038dd230620c90fe35,a32e0bd41c201d038dd230620c90fe35,a32e0bd4,31,DNA,0,1000,2032,False,,1313.17363.fna
34fa1ab5f9cc2dc4ed96d124adce62bc,34fa1ab5f9cc2dc4ed96d124adce62bc,34fa1ab5,31,DNA,0,1000,1998,False,,1313.17164.fna
c74dc92671e33725375a52d94a92e84f_0,c74dc92671e33725375a52d94a92e84f,c74dc926,31,DNA,0,1000,2065,False,,1313.17364.fna
a8a74e781ef0531bae91c3ad116fd888,a8a74e781ef0531bae91c3ad116fd888,a8a74e78,31,DNA,0,1000,2000,False,,1313.17251.fna
3c3f1d0256d28b0f8cc98677664ed1d7,3c3f1d0256d28b0f8cc98677664ed1d7,3c3f1d02,31,DNA,0,1000,2095,False,,1313.17365.fna
b5bd028b084c14ec0d0a7b70c01d3c73,b5bd028b084c14ec0d0a7b70c01d3c73,b5bd028b,31,DNA,0,1000,2109,False,,1313.17193.fna
968d9def3a3f82c7635083159bef8b53,968d9def3a3f82c7635083159bef8b53,968d9def,31,DNA,0,1000,2071,False,,1313.17366.fna
edece8424a03bef7bef7894c902ddd1c,edece8424a03bef7bef7894c902ddd1c,edece842,31,DNA,0,1000,2101,False,,1313.17252.fna
c74dc92671e33725375a52d94a92e84f_1,c74dc92671e33725375a52d94a92e84f,c74dc926,31,DNA,0,1000,2065,False,,1313.17367.fna
63085b29626c0ad1010205065d7b9ab3,63085b29626c0ad1010205065d7b9ab3,63085b29,31,DNA,0,1000,2166,False,,1313.17142.fna
6dd0ceda262769aa40db2e3dc0e0429c,6dd0ceda262769aa40db2e3dc0e0429c,6dd0ceda,31,DNA,0,1000,2039,False,,1313.17368.fna
fc8e7be09c10047471ac18429cf2ae47,fc8e7be09c10047471ac18429cf2ae47,fc8e7be0,31,DNA,0,1000,2081,False,,1313.17253.fna
1635c9a7aabecd777a988b2287d4564c,1635c9a7aabecd777a988b2287d4564c,1635c9a7,31,DNA,0,1000,2032,False,,1313.17369.fna
96312e64012a3f8e577a88490968ee5a,96312e64012a3f8e577a88490968ee5a,96312e64,31,DNA,0,1000,2092,False,,1313.17194.fna
1e99794c447541a90d41bccd3a48c357,1e99794c447541a90d41bccd3a48c357,1e99794c,31,DNA,0,1000,2068,False,,1313.17371.fna
6c85a7e8ae9679953cc4bf48a1cf4a8f,6c85a7e8ae9679953cc4bf48a1cf4a8f,6c85a7e8,31,DNA,0,1000,2070,False,,1313.17254.fna
5e32511cb8099ce192b82f9fa85574aa,5e32511cb8099ce192b82f9fa85574aa,5e32511c,31,DNA,0,1000,2031,False,,1313.17372.fna
72bdd12636db5dfa7b8e2cff1f2d810c,72bdd12636db5dfa7b8e2cff1f2d810c,72bdd126,31,DNA,0,1000,2025,False,,1313.17165.fna
f99db76bf2f0bc040fbeaf5d196eed20,f99db76bf2f0bc040fbeaf5d196eed20,f99db76b,31,DNA,0,1000,2064,False,,1313.17373.fna
dbab99b450bb9c500865c57add0c3ada,dbab99b450bb9c500865c57add0c3ada,dbab99b4,31,DNA,0,1000,2070,False,,1313.17255.fna
cc2ce084298637ba4a5577603ba72a4d,cc2ce084298637ba4a5577603ba72a4d,cc2ce084,31,DNA,0,1000,2165,False,,1313.17374.fna
91f921f050b7de9c9da3528b3312982b,91f921f050b7de9c9da3528b3312982b,91f921f0,31,DNA,0,1000,2092,False,,1313.17195.fna
4487db88003f2f2e09a7358cdbfcbf6f,4487db88003f2f2e09a7358cdbfcbf6f,4487db88,31,DNA,0,1000,2071,False,,1313.17375.fna
a758d7d1deedd53bc9b82c0592131531,a758d7d1deedd53bc9b82c0592131531,a758d7d1,31,DNA,0,1000,2076,False,,1313.17256.fna
0384e9f4221cb31030f2c4b796d1ba24,0384e9f4221cb31030f2c4b796d1ba24,0384e9f4,31,DNA,0,1000,2105,False,,1313.17376.fna
9b1df0d2a46ec5845dce952766475b16,9b1df0d2a46ec5845dce952766475b16,9b1df0d2,31,DNA,0,1000,2057,False,,1313.17149.fna
3b1ba2acaf2e6a7f47b07e193eb79b52,3b1ba2acaf2e6a7f47b07e193eb79b52,3b1ba2ac,31,DNA,0,1000,2032,False,,1313.17377.fna
0cc0fe43dcfadfb85a54642899d8b55e,0cc0fe43dcfadfb85a54642899d8b55e,0cc0fe43,31,DNA,0,1000,2033,False,,1313.17257.fna
03b2be19e7f85ddc8bfd7034ff4c20f1,03b2be19e7f85ddc8bfd7034ff4c20f1,03b2be19,31,DNA,0,1000,2068,False,,1313.17378.fna
fce2cb11e941581239b7cb1e6a02729a,fce2cb11e941581239b7cb1e6a02729a,fce2cb11,31,DNA,0,1000,2256,False,,1313.17196.fna
f12dede2058df9028778b47047fabf56,f12dede2058df9028778b47047fabf56,f12dede2,31,DNA,0,1000,2074,False,,1313.17379.fna
fff5c3d18be5ac289cc77349d46284ac,fff5c3d18be5ac289cc77349d46284ac,fff5c3d1,31,DNA,0,1000,2023,False,,1313.17258.fna
42a59ff4c07643ee5f2ad0ec5e7a0124,42a59ff4c07643ee5f2ad0ec5e7a0124,42a59ff4,31,DNA,0,1000,2107,False,,1313.17381.fna
8c402356af997df45f28ca57f6165593,8c402356af997df45f28ca57f6165593,8c402356,31,DNA,0,1000,2071,False,,1313.17166.fna
01926aa8af6efae0594169c3f0420502,01926aa8af6efae0594169c3f0420502,01926aa8,31,DNA,0,1000,2115,False,,1313.17382.fna
c58ccb9ceeaa4493dcf90714efa52229,c58ccb9ceeaa4493dcf90714efa52229,c58ccb9c,31,DNA,0,1000,2276,False,,1313.17259.fna
b77eac0eba81e03aa3a530db49d07990,b77eac0eba81e03aa3a530db49d07990,b77eac0e,31,DNA,0,1000,2100,False,,1313.17383.fna
09d50d99a5843e0cdd4e86ba803e5f3b,09d50d99a5843e0cdd4e86ba803e5f3b,09d50d99,31,DNA,0,1000,2063,False,,1313.17197.fna
4e8b98cc5a39f4c4d268ddc485c44d50,4e8b98cc5a39f4c4d268ddc485c44d50,4e8b98cc,31,DNA,0,1000,2059,False,,1313.17384.fna
1076612a4c9770083c7010e2ddde451c,1076612a4c9770083c7010e2ddde451c,1076612a,31,DNA,0,1000,2028,False,,1313.17261.fna
f28b5bd4cef43c35f04ec6681b6f227e,f28b5bd4cef43c35f04ec6681b6f227e,f28b5bd4,31,DNA,0,1000,2080,False,,1313.17385.fna
e7a05126f204ad5f0cc95323ffe55276,e7a05126f204ad5f0cc95323ffe55276,e7a05126,31,DNA,0,1000,2095,False,,1313.17138.fna
07e2a4c46bc665ab63f48b0528540ed4,07e2a4c46bc665ab63f48b0528540ed4,07e2a4c4,31,DNA,0,1000,2070,False,,1313.17386.fna
abc45c3b29acbcdc7fbbf4b0043013ce,abc45c3b29acbcdc7fbbf4b0043013ce,abc45c3b,31,DNA,0,1000,2014,False,,1313.17262.fna
b226a28bececa617a71f2d8850563191,b226a28bececa617a71f2d8850563191,b226a28b,31,DNA,0,1000,2060,False,,1313.17387.fna
f427f4642232811cb901164e86cd470b,f427f4642232811cb901164e86cd470b,f427f464,31,DNA,0,1000,2102,False,,1313.17198.fna
6cfef191dda2adadbca5559de2b8d104,6cfef191dda2adadbca5559de2b8d104,6cfef191,31,DNA,0,1000,2031,False,,1313.17388.fna
2123f10deb935f92fc972d7927e5107c,2123f10deb935f92fc972d7927e5107c,2123f10d,31,DNA,0,1000,2019,False,,1313.17263.fna
b2871d22dca7982446c88c383fe47fb9,b2871d22dca7982446c88c383fe47fb9,b2871d22,31,DNA,0,1000,2119,False,,1313.17389.fna
be1f19daf289d0c9c34fd93eea8412bb,be1f19daf289d0c9c34fd93eea8412bb,be1f19da,31,DNA,0,1000,2066,False,,1313.17167.fna
4cbef643df61ac15089cc5ffd60ff432,4cbef643df61ac15089cc5ffd60ff432,4cbef643,31,DNA,0,1000,2030,False,,1313.17391.fna
62fd495782c4222f3aa5a1e11788cb5d,62fd495782c4222f3aa5a1e11788cb5d,62fd4957,31,DNA,0,1000,2030,False,,1313.17264.fna
626b92d55dcd3f2ffbb08c014d9dd835,626b92d55dcd3f2ffbb08c014d9dd835,626b92d5,31,DNA,0,1000,2037,False,,1313.17392.fna
045008ba9e48e75edd914fc229aee711,045008ba9e48e75edd914fc229aee711,045008ba,31,DNA,0,1000,2082,False,,1313.17199.fna
ebeb5bbb18835de01ff1270d19f4240e,ebeb5bbb18835de01ff1270d19f4240e,ebeb5bbb,31,DNA,0,1000,2069,False,,1313.17393.fna
1733626d2eaf5e60781a61501b5d767c,1733626d2eaf5e60781a61501b5d767c,1733626d,31,DNA,0,1000,2018,False,,1313.17265.fna
b7723c718c88172a6d15a84f507a2f5e,b7723c718c88172a6d15a84f507a2f5e,b7723c71,31,DNA,0,1000,2035,False,,1313.17394.fna
901f70cd954721013282c87d87f38d6b,901f70cd954721013282c87d87f38d6b,901f70cd,31,DNA,0,1000,2078,False,,1313.17151.fna
514df66814e9e50d76cbf712e109c2db,514df66814e9e50d76cbf712e109c2db,514df668,31,DNA,0,1000,2105,False,,1313.17395.fna
1f50e304cb8519b2c1bc2ec451aabc90,1f50e304cb8519b2c1bc2ec451aabc90,1f50e304,31,DNA,0,1000,2021,False,,1313.17266.fna
b929c29a62361b43dcb3dfc4516abc65,b929c29a62361b43dcb3dfc4516abc65,b929c29a,31,DNA,0,1000,2033,False,,1313.17396.fna
55f7dc2a7f88c5860addf16d3e9d8e36,55f7dc2a7f88c5860addf16d3e9d8e36,55f7dc2a,31,DNA,0,1000,2109,False,,1313.17201.fna
724b060a26ee37cc8c569303c3a44a20,724b060a26ee37cc8c569303c3a44a20,724b060a,31,DNA,0,1000,2067,False,,1313.17397.fna
e93a1aecab2ac5cb9239acf0f18b140d,e93a1aecab2ac5cb9239acf0f18b140d,e93a1aec,31,DNA,0,1000,2061,False,,1313.17267.fna
5b86d5238e97961b6e7dae900d171a22,5b86d5238e97961b6e7dae900d171a22,5b86d523,31,DNA,0,1000,2081,False,,1313.17398.fna
5df56a4331fd301118a4c5b0f925dbc4,5df56a4331fd301118a4c5b0f925dbc4,5df56a43,31,DNA,0,1000,2036,False,,1313.17168.fna
9d18678320340255363557eaf8f3ef72,9d18678320340255363557eaf8f3ef72,9d186783,31,DNA,0,1000,2075,False,,1313.17399.fna
de12c4695ff1a431b50bada121dfcae6,de12c4695ff1a431b50bada121dfcae6,de12c469,31,DNA,0,1000,2067,False,,1313.17268.fna
0e7a301591201dc98fdeb639ddaccd31,0e7a301591201dc98fdeb639ddaccd31,0e7a3015,31,DNA,0,1000,2076,False,,1313.17401.fna
d4127b2ee67a4cf24fed0fedb5a33391,d4127b2ee67a4cf24fed0fedb5a33391,d4127b2e,31,DNA,0,1000,2205,False,,1313.17202.fna
2e2c183ce0ae7443f4f41bc1ee7a68cb,2e2c183ce0ae7443f4f41bc1ee7a68cb,2e2c183c,31,DNA,0,1000,2069,False,,1313.17402.fna
c9d4e8b8e73f66344e6a00ac6287d0c4,c9d4e8b8e73f66344e6a00ac6287d0c4,c9d4e8b8,31,DNA,0,1000,2068,False,,1313.17269.fna
c7a8befbf9a04340bf715f61475c55ff,c7a8befbf9a04340bf715f61475c55ff,c7a8befb,31,DNA,0,1000,2066,False,,1313.17403.fna
75e405ac4f0b08e4807f819dba7fef1a,75e405ac4f0b08e4807f819dba7fef1a,75e405ac,31,DNA,0,1000,2151,False,,1313.17143.fna
11a91fd45e94b6fb8781cf575d042b96,11a91fd45e94b6fb8781cf575d042b96,11a91fd4,31,DNA,0,1000,2028,False,,1313.17404.fna
2003fadcea42c114939bcb3610caf21d,2003fadcea42c114939bcb3610caf21d,2003fadc,31,DNA,0,1000,2035,False,,1313.17271.fna
131e2b731d928dbaa39fa639815fccee,131e2b731d928dbaa39fa639815fccee,131e2b73,31,DNA,0,1000,2120,False,,1313.17405.fna
40e21b2b5ae7adebe2b8efbfa598cb29,40e21b2b5ae7adebe2b8efbfa598cb29,40e21b2b,31,DNA,0,1000,2102,False,,1313.17203.fna
34150ad5a666b7e3208b7331788f42d8,34150ad5a666b7e3208b7331788f42d8,34150ad5,31,DNA,0,1000,2074,False,,1313.17406.fna
1fde2efe0959e37f9bbf7f874de11a84,1fde2efe0959e37f9bbf7f874de11a84,1fde2efe,31,DNA,0,1000,2091,False,,1313.17272.fna
64589267196a8029e7660253b676d3d8,64589267196a8029e7660253b676d3d8,64589267,31,DNA,0,1000,2032,False,,1313.17407.fna
92b0488f2a85835ac85d108c7f5a6bf8,92b0488f2a85835ac85d108c7f5a6bf8,92b0488f,31,DNA,0,1000,2103,False,,1313.17169.fna
7b95b87ec58bab5900426e3ab380ecda,7b95b87ec58bab5900426e3ab380ecda,7b95b87e,31,DNA,0,1000,2112,False,,1313.17408.fna
5af1d958d3cf6f839228120aa984047b,5af1d958d3cf6f839228120aa984047b,5af1d958,31,DNA,0,1000,2063,False,,1313.17273.fna
7d6b62e688c8d55e64fd686884d160be,7d6b62e688c8d55e64fd686884d160be,7d6b62e6,31,DNA,0,1000,2073,False,,1313.17409.fna
4c14485caeea175eb776247bc774286a,4c14485caeea175eb776247bc774286a,4c14485c,31,DNA,0,1000,2083,False,,1313.17204.fna
f986e8ee6c2ccc0122265e7d1dd2b72c,f986e8ee6c2ccc0122265e7d1dd2b72c,f986e8ee,31,DNA,0,1000,2034,False,,1313.17411.fna
7f7c35559b162429aa15aa745ab4f084,7f7c35559b162429aa15aa745ab4f084,7f7c3555,31,DNA,0,1000,2089,False,,1313.17274.fna
da521b21aa6e5cb474c52b1830d19b6b,da521b21aa6e5cb474c52b1830d19b6b,da521b21,31,DNA,0,1000,2133,False,,1313.17412.fna
e0110e5400e3e3226860778b699ef9c9,e0110e5400e3e3226860778b699ef9c9,e0110e54,31,DNA,0,1000,2062,False,,1313.17153.fna
f9ee480b9dbd0ce398b0d5596c2e0032,f9ee480b9dbd0ce398b0d5596c2e0032,f9ee480b,31,DNA,0,1000,2074,False,,1313.17413.fna
fd46cd444803ca0095345757492627c2,fd46cd444803ca0095345757492627c2,fd46cd44,31,DNA,0,1000,2044,False,,1313.17275.fna
1b04d431ddde53c0f3163e3714470cbc,1b04d431ddde53c0f3163e3714470cbc,1b04d431,31,DNA,0,1000,2030,False,,1313.17414.fna
a94035d8af57e50c022511eb8a6136a2,a94035d8af57e50c022511eb8a6136a2,a94035d8,31,DNA,0,1000,2037,False,,1313.17206.fna
9283c6c262eeb5832fbf8b85461327df,9283c6c262eeb5832fbf8b85461327df,9283c6c2,31,DNA,0,1000,2063,False,,1313.17415.fna
1a3b4cf5046b13e57214f76a296e7f3a,1a3b4cf5046b13e57214f76a296e7f3a,1a3b4cf5,31,DNA,0,1000,2203,False,,1313.17276.fna
d4c1652c7252e79ec698676003f3927e,d4c1652c7252e79ec698676003f3927e,d4c1652c,31,DNA,0,1000,2036,False,,1313.17416.fna
e818ef573dbde28022010209f7293665,e818ef573dbde28022010209f7293665,e818ef57,31,DNA,0,1000,2102,False,,1313.17171.fna
b7723c718c88172a6d15a84f507a2f5e_0,b7723c718c88172a6d15a84f507a2f5e,b7723c71,31,DNA,0,1000,2035,False,,1313.17417.fna
cde8e7a40fa4be617d86b6a9c69f62de,cde8e7a40fa4be617d86b6a9c69f62de,cde8e7a4,31,DNA,0,1000,2104,False,,1313.17277.fna
acbcfec6eedba557a648026b62fc195a,acbcfec6eedba557a648026b62fc195a,acbcfec6,31,DNA,0,1000,2074,False,,1313.17418.fna
471be810bd86d5f15f84fc69e63aa7bb,471be810bd86d5f15f84fc69e63aa7bb,471be810,31,DNA,0,1000,1919,False,,1313.17207.fna
fab570677c31e54ffb24488a2369ffdf,fab570677c31e54ffb24488a2369ffdf,fab57067,31,DNA,0,1000,2054,False,,1313.17419.fna
72ab2decdb4935cc6cd0a479b508bd75,72ab2decdb4935cc6cd0a479b508bd75,72ab2dec,31,DNA,0,1000,2075,False,,1313.17278.fna
fc949b95661bc6a3ae0c74166125d4f1,fc949b95661bc6a3ae0c74166125d4f1,fc949b95,31,DNA,0,1000,2065,False,,1313.17421.fna
ef1e003d21011ca5c29114f8c9c54923,ef1e003d21011ca5c29114f8c9c54923,ef1e003d,31,DNA,0,1000,2017,False,,1313.17135.fna
11c96cd6d7f051fcd1be94904a083676,11c96cd6d7f051fcd1be94904a083676,11c96cd6,31,DNA,0,1000,2107,False,,1313.17422.fna
a6171865119b2c69e76f02f3b37d434c,a6171865119b2c69e76f02f3b37d434c,a6171865,31,DNA,0,1000,2122,False,,1313.17279.fna
bf0623e3ed40ac296000b3a49e0dd75c,bf0623e3ed40ac296000b3a49e0dd75c,bf0623e3,31,DNA,0,1000,2102,False,,1313.17423.fna
84160f3b7eccbc6ecaf555f7e2216a19,84160f3b7eccbc6ecaf555f7e2216a19,84160f3b,31,DNA,0,1000,2078,False,,1313.17208.fna
019a1431ef12ec52aec7ea92c6d391f6,019a1431ef12ec52aec7ea92c6d391f6,019a1431,31,DNA,0,1000,2033,False,,1313.17424.fna
ca676fcef8ca535ae2a00ff88b1912f7,ca676fcef8ca535ae2a00ff88b1912f7,ca676fce,31,DNA,0,1000,2168,False,,1313.17281.fna
d38da62322613d07b93dfa7023544002,d38da62322613d07b93dfa7023544002,d38da623,31,DNA,0,1000,2031,False,,1313.17425.fna
7e15c6dd325499359e6b7780936596ee,7e15c6dd325499359e6b7780936596ee,7e15c6dd,31,DNA,0,1000,2056,False,,1313.17172.fna
62b36866743642a05f2fbd87c0db4d4d,62b36866743642a05f2fbd87c0db4d4d,62b36866,31,DNA,0,1000,2071,False,,1313.17426.fna
c567524a9546630172859407e5723bf4,c567524a9546630172859407e5723bf4,c567524a,31,DNA,0,1000,2033,False,,1313.17282.fna
cf97a89ce75a6e8cf53216c1aae4a9f2,cf97a89ce75a6e8cf53216c1aae4a9f2,cf97a89c,31,DNA,0,1000,2059,False,,1313.17427.fna
685a9c87f49559ee8256e5457838e436,685a9c87f49559ee8256e5457838e436,685a9c87,31,DNA,0,1000,2091,False,,1313.17209.fna
1e5aa04df786de50dca488b960a71d0c,1e5aa04df786de50dca488b960a71d0c,1e5aa04d,31,DNA,0,1000,2034,False,,1313.17428.fna
6788c09584b9e726d92b4d44dab50ec7,6788c09584b9e726d92b4d44dab50ec7,6788c095,31,DNA,0,1000,2058,False,,1313.17283.fna
690eecccb93150b14e23ee6fb7d74289,690eecccb93150b14e23ee6fb7d74289,690eeccc,31,DNA,0,1000,2030,False,,1313.17429.fna
890407fc38abbbff9f6f2bf2e150e93f,890407fc38abbbff9f6f2bf2e150e93f,890407fc,31,DNA,0,1000,2066,False,,1313.17154.fna
612eafe89612d9b566e3fca1ce2168a8,612eafe89612d9b566e3fca1ce2168a8,612eafe8,31,DNA,0,1000,2029,False,,1313.17431.fna
f9a52a53e69b2b3d5564b1252c547b21,f9a52a53e69b2b3d5564b1252c547b21,f9a52a53,31,DNA,0,1000,2159,False,,1313.17284.fna
0e53f4cfa8ce4f4db36b0293ee674221,0e53f4cfa8ce4f4db36b0293ee674221,0e53f4cf,31,DNA,0,1000,2028,False,,1313.17432.fna
fe2590f2667c1cbd52e3d7cd1cdf5e31,fe2590f2667c1cbd52e3d7cd1cdf5e31,fe2590f2,31,DNA,0,1000,2059,False,,1313.17211.fna
52b8bfc2a12410b045d7a3d34587e790,52b8bfc2a12410b045d7a3d34587e790,52b8bfc2,31,DNA,0,1000,2097,False,,1313.17433.fna
3c682b95866368b5731dade78517b0a0,3c682b95866368b5731dade78517b0a0,3c682b95,31,DNA,0,1000,2108,False,,1313.17285.fna
c13dd0661fa93f449f05aaae9456c61b,c13dd0661fa93f449f05aaae9456c61b,c13dd066,31,DNA,0,1000,2074,False,,1313.17434.fna
9f9bae03d261424e532ed28fd086c87c,9f9bae03d261424e532ed28fd086c87c,9f9bae03,31,DNA,0,1000,2006,False,,1313.17173.fna
e4b77d99b03d2ec4fb327b3b6c11a953,e4b77d99b03d2ec4fb327b3b6c11a953,e4b77d99,31,DNA,0,1000,2023,False,,1313.17435.fna
c6fe39c8464d71490cdc41f1d484b650,c6fe39c8464d71490cdc41f1d484b650,c6fe39c8,31,DNA,0,1000,2107,False,,1313.17286.fna
3be9e8db7f594c264cc03f20cf68ce6b,3be9e8db7f594c264cc03f20cf68ce6b,3be9e8db,31,DNA,0,1000,2079,False,,1313.17436.fna
87ae4bea6c7ba849b82a54e1d96574eb,87ae4bea6c7ba849b82a54e1d96574eb,87ae4bea,31,DNA,0,1000,2344,False,,1313.17212.fna
a160d037713586e33b1707a38e644fa0,a160d037713586e33b1707a38e644fa0,a160d037,31,DNA,0,1000,2035,False,,1313.17437.fna
e33559630e03ea49253e128faf2f3444,e33559630e03ea49253e128faf2f3444,e3355963,31,DNA,0,1000,2086,False,,1313.17287.fna
00b0ecb0fe43ac95a5126f5b362ef844,00b0ecb0fe43ac95a5126f5b362ef844,00b0ecb0,31,DNA,0,1000,2070,False,,1313.17438.fna
6697715ff264049aaf506c346d225370,6697715ff264049aaf506c346d225370,6697715f,31,DNA,0,1000,2202,False,,1313.17144.fna
6dcc9f28c7de5090ce17d33cc83be7ff,6dcc9f28c7de5090ce17d33cc83be7ff,6dcc9f28,31,DNA,0,1000,2025,False,,1313.17439.fna
dde42242f895017dcc2752dc80833dc7,dde42242f895017dcc2752dc80833dc7,dde42242,31,DNA,0,1000,2084,False,,1313.17288.fna
7d438d4064f4d70c48569caa89ce2637,7d438d4064f4d70c48569caa89ce2637,7d438d40,31,DNA,0,1000,2089,False,,1313.17441.fna
f5731d54c7a796d8255e88aad7606219,f5731d54c7a796d8255e88aad7606219,f5731d54,31,DNA,0,1000,2048,False,,1313.17213.fna
72834d16a8b57a324cb8609b275735bc,72834d16a8b57a324cb8609b275735bc,72834d16,31,DNA,0,1000,2066,False,,1313.17442.fna
bda7b014ed5325677f3b92631cfa6d2e,bda7b014ed5325677f3b92631cfa6d2e,bda7b014,31,DNA,0,1000,2095,False,,1313.17289.fna
a02d5f7cdf29d85b2f8ac982649e05df,a02d5f7cdf29d85b2f8ac982649e05df,a02d5f7c,31,DNA,0,1000,2072,False,,1313.17443.fna
6ccd463004ffbe92f61e2cefb83964e2,6ccd463004ffbe92f61e2cefb83964e2,6ccd4630,31,DNA,0,1000,2095,False,,1313.17174.fna
57a8f7a88f625768d0a7f837ee16ebd8,57a8f7a88f625768d0a7f837ee16ebd8,57a8f7a8,31,DNA,0,1000,2057,False,,1313.17444.fna
e792417a8867568b17d34a2576b34a77,e792417a8867568b17d34a2576b34a77,e792417a,31,DNA,0,1000,2079,False,,1313.17291.fna
f956feb46b28952afbfc812eb1c9a3ba,f956feb46b28952afbfc812eb1c9a3ba,f956feb4,31,DNA,0,1000,2067,False,,1313.17445.fna
85c0f5e783b7406f9af9def502cb9390,85c0f5e783b7406f9af9def502cb9390,85c0f5e7,31,DNA,0,1000,2038,False,,1313.17214.fna
b42eab0e89900dcce09dca3a7cf57651,b42eab0e89900dcce09dca3a7cf57651,b42eab0e,31,DNA,0,1000,2117,False,,1313.17446.fna
364433455d467cc0d0c33cd9b9aa11bc,364433455d467cc0d0c33cd9b9aa11bc,36443345,31,DNA,0,1000,1980,False,,1313.17292.fna
61a75892532cb8e8d54d9e6a6cc667b9,61a75892532cb8e8d54d9e6a6cc667b9,61a75892,31,DNA,0,1000,2068,False,,1313.17447.fna
9eb14ee0c0986e25ffbe5d4d064f5bfd,9eb14ee0c0986e25ffbe5d4d064f5bfd,9eb14ee0,31,DNA,0,1000,1987,False,,1313.17155.fna
72834d16a8b57a324cb8609b275735bc_0,72834d16a8b57a324cb8609b275735bc,72834d16,31,DNA,0,1000,2066,False,,1313.17448.fna
a92d91434da88d804b2cca23051708a1,a92d91434da88d804b2cca23051708a1,a92d9143,31,DNA,0,1000,2079,False,,1313.17293.fna
89201035d2b3a80f2b35aac8e1fea965,89201035d2b3a80f2b35aac8e1fea965,89201035,31,DNA,0,1000,2080,False,,1313.17449.fna
5369f268f90e5efba1a2672bdb000448,5369f268f90e5efba1a2672bdb000448,5369f268,31,DNA,0,1000,2048,False,,1313.17215.fna
6c96186c0e28c1515111ecc7a535d3cd,6c96186c0e28c1515111ecc7a535d3cd,6c96186c,31,DNA,0,1000,2824,False,,43770.704.fna
