{"d": 2, "version": 6, "index_type": "SBT", "storage": {"backend": "FSStorage", "args": {"path": ".sbt.colistin_training"}}, "factory": {"class": "GraphFactory", "args": [1, 100000.0, 4]}, "nodes": {"0": {"filename": "internal.0", "name": "internal.0", "metadata": {"min_n_below": 3551}}, "1": {"filename": "internal.1", "name": "internal.1", "metadata": {"min_n_below": 3551}}, "2": {"filename": "internal.2", "name": "internal.2", "metadata": {"min_n_below": 3647}}, "3": {"filename": "internal.3", "name": "internal.3", "metadata": {"min_n_below": 3608}}, "4": {"filename": "internal.4", "name": "internal.4", "metadata": {"min_n_below": 3551}}, "5": {"filename": "internal.5", "name": "internal.5", "metadata": {"min_n_below": 3647}}, "6": {"filename": "internal.6", "name": "internal.6", "metadata": {"min_n_below": 3725}}, "7": {"filename": "internal.7", "name": "internal.7", "metadata": {"min_n_below": 3773}}, "8": {"filename": "internal.8", "name": "internal.8", "metadata": {"min_n_below": 3608}}, "9": {"filename": "internal.9", "name": "internal.9", "metadata": {"min_n_below": 3551}}, "10": {"filename": "internal.10", "name": "internal.10", "metadata": {"min_n_below": 3721}}, "11": {"filename": "internal.11", "name": "internal.11", "metadata": {"min_n_below": 3816}}, "12": {"filename": "internal.12", "name": "internal.12", "metadata": {"min_n_below": 3647}}, "13": {"filename": "internal.13", "name": "internal.13", "metadata": {"min_n_below": 3725}}, "14": {"filename": "internal.14", "name": "internal.14", "metadata": {"min_n_below": 3739}}, "15": {"filename": "internal.15", "name": "internal.15", "metadata": {"min_n_below": 3801}}, "16": {"filename": "internal.16", "name": "internal.16", "metadata": {"min_n_below": 3773}}, "17": {"filename": "internal.17", "name": "internal.17", "metadata": {"min_n_below": 3673}}, "18": {"filename": "internal.18", "name": "internal.18", "metadata": {"min_n_below": 3608}}, "19": {"filename": "internal.19", "name": "internal.19", "metadata": {"min_n_below": 3766}}, "20": {"filename": "internal.20", "name": "internal.20", "metadata": {"min_n_below": 3551}}, "21": {"filename": "internal.21", "name": "internal.21", "metadata": {"min_n_below": 3820}}, "22": {"filename": "internal.22", "name": "internal.22", "metadata": {"min_n_below": 3721}}, "23": {"filename": "internal.23", "name": "internal.23", "metadata": {"min_n_below": 3852}}, "24": {"filename": "internal.24", "name": "internal.24", "metadata": {"min_n_below": 3816}}, "25": {"filename": "internal.25", "name": "internal.25", "metadata": {"min_n_below": 3759}}, "26": {"filename": "internal.26", "name": "internal.26", "metadata": {"min_n_below": 3647}}, "27": {"filename": "internal.27", "name": "internal.27", "metadata": {"min_n_below": 3725}}, "28": {"filename": "internal.28", "name": "internal.28", "metadata": {"min_n_below": 3904}}, "29": {"filename": "internal.29", "name": "internal.29", "metadata": {"min_n_below": 3839}}, "30": {"filename": "internal.30", "name": "internal.30", "metadata": {"min_n_below": 3739}}, "31": {"filename": "internal.31", "name": "internal.31", "metadata": {"min_n_below": 3835}}, "32": {"filename": "internal.32", "name": "internal.32", "metadata": {"min_n_below": 3801}}, "33": {"filename": "internal.33", "name": "internal.33", "metadata": {"min_n_below": 3773}}, "34": {"filename": "internal.34", "name": "internal.34", "metadata": {"min_n_below": 3860}}, "35": {"filename": "internal.35", "name": "internal.35", "metadata": {"min_n_below": 3673}}, "36": {"filename": "internal.36", "name": "internal.36", "metadata": {"min_n_below": 3784}}, "37": {"filename": "internal.37", "name": "internal.37", "metadata": {"min_n_below": 3667}}, "38": {"filename": "internal.38", "name": "internal.38", "metadata": {"min_n_below": 3608}}, "39": {"filename": "internal.39", "name": "internal.39", "metadata": {"min_n_below": 3766}}, "40": {"filename": "internal.40", "name": "internal.40", "metadata": {"min_n_below": 3796}}, "41": {"filename": "internal.41", "name": "internal.41", "metadata": {"min_n_below": 3551}}, "42": {"filename": "internal.42", "name": "internal.42", "metadata": {"min_n_below": 3715}}, "43": {"filename": "internal.43", "name": "internal.43", "metadata": {"min_n_below": 3844}}, "44": {"filename": "internal.44", "name": "internal.44", "metadata": {"min_n_below": 3820}}, "45": {"filename": "internal.45", "name": "internal.45", "metadata": {"min_n_below": 3721}}, "46": {"filename": "internal.46", "name": "internal.46", "metadata": {"min_n_below": 3839}}, "47": {"filename": "internal.47", "name": "internal.47", "metadata": {"min_n_below": 3858}}, "48": {"filename": "internal.48", "name": "internal.48", "metadata": {"min_n_below": 3852}}, "49": {"filename": "internal.49", "name": "internal.49", "metadata": {"min_n_below": 3903}}, "50": {"filename": "internal.50", "name": "internal.50", "metadata": {"min_n_below": 3816}}, "51": {"filename": "internal.51", "name": "internal.51", "metadata": {"min_n_below": 3887}}, "52": {"filename": "internal.52", "name": "internal.52", "metadata": {"min_n_below": 3759}}, "53": {"filename": "internal.53", "name": "internal.53", "metadata": {"min_n_below": 3870}}, "54": {"filename": "internal.54", "name": "internal.54", "metadata": {"min_n_below": 3647}}, "55": {"filename": "internal.55", "name": "internal.55", "metadata": {"min_n_below": 3848}}, "56": {"filename": "internal.56", "name": "internal.56", "metadata": {"min_n_below": 3725}}, "57": {"filename": "internal.57", "name": "internal.57", "metadata": {"min_n_below": 3956}}, "58": {"filename": "internal.58", "name": "internal.58", "metadata": {"min_n_below": 3904}}, "59": {"filename": "internal.59", "name": "internal.59", "metadata": {"min_n_below": 3853}}, "60": {"filename": "internal.60", "name": "internal.60", "metadata": {"min_n_below": 3839}}, "61": {"filename": "internal.61", "name": "internal.61", "metadata": {"min_n_below": 3739}}, "62": {"filename": "internal.62", "name": "internal.62", "metadata": {"min_n_below": 3990}}, "63": {"filename": "internal.63", "name": "internal.63", "metadata": {"min_n_below": 3835}}, "64": {"filename": "internal.64", "name": "internal.64", "metadata": {"min_n_below": 3934}}, "65": {"filename": "internal.65", "name": "internal.65", "metadata": {"min_n_below": 3895}}, "66": {"filename": "internal.66", "name": "internal.66", "metadata": {"min_n_below": 3801}}, "67": {"filename": "internal.67", "name": "internal.67", "metadata": {"min_n_below": 3905}}, "68": {"filename": "internal.68", "name": "internal.68", "metadata": {"min_n_below": 3773}}, "69": {"filename": "internal.69", "name": "internal.69", "metadata": {"min_n_below": 3873}}, "70": {"filename": "internal.70", "name": "internal.70", "metadata": {"min_n_below": 3860}}, "71": {"filename": "internal.71", "name": "internal.71", "metadata": {"min_n_below": 3673}}, "72": {"filename": "internal.72", "name": "internal.72", "metadata": {"min_n_below": 3830}}, "73": {"filename": "internal.73", "name": "internal.73", "metadata": {"min_n_below": 3784}}, "74": {"filename": "internal.74", "name": "internal.74", "metadata": {"min_n_below": 3788}}, "75": {"filename": "internal.75", "name": "internal.75", "metadata": {"min_n_below": 3667}}, "76": {"filename": "internal.76", "name": "internal.76", "metadata": {"min_n_below": 3704}}, "77": {"filename": "internal.77", "name": "internal.77", "metadata": {"min_n_below": 3608}}, "78": {"filename": "internal.78", "name": "internal.78", "metadata": {"min_n_below": 3853}}, "79": {"filename": "internal.79", "name": "internal.79", "metadata": {"min_n_below": 3766}}, "80": {"filename": "internal.80", "name": "internal.80", "metadata": {"min_n_below": 3868}}, "81": {"filename": "internal.81", "name": "internal.81", "metadata": {"min_n_below": 3796}}, "82": {"filename": "internal.82", "name": "internal.82", "metadata": {"min_n_below": 3803}}, "83": {"filename": "internal.83", "name": "internal.83", "metadata": {"min_n_below": 3551}}, "84": {"filename": "internal.84", "name": "internal.84", "metadata": {"min_n_below": 3575}}, "85": {"filename": "internal.85", "name": "internal.85", "metadata": {"min_n_below": 3715}}, "86": {"filename": "internal.86", "name": "internal.86", "metadata": {"min_n_below": 3817}}, "87": {"filename": "internal.87", "name": "internal.87", "metadata": {"min_n_below": 3844}}, "88": {"filename": "internal.88", "name": "internal.88", "metadata": {"min_n_below": 3863}}, "89": {"filename": "internal.89", "name": "internal.89", "metadata": {"min_n_below": 3820}}, "90": {"filename": "internal.90", "name": "internal.90", "metadata": {"min_n_below": 3876}}, "91": {"filename": "internal.91", "name": "internal.91", "metadata": {"min_n_below": 3721}}, "92": {"filename": "internal.92", "name": "internal.92", "metadata": {"min_n_below": 3792}}, "93": {"filename": "internal.93", "name": "internal.93", "metadata": {"min_n_below": 3839}}, "94": {"filename": "internal.94", "name": "internal.94", "metadata": {"min_n_below": 3853}}, "95": {"filename": "internal.95", "name": "internal.95", "metadata": {"min_n_below": 3858}}, "96": {"filename": "internal.96", "name": "internal.96", "metadata": {"min_n_below": 3901}}, "97": {"filename": "internal.97", "name": "internal.97", "metadata": {"min_n_below": 3852}}, "98": {"filename": "internal.98", "name": "internal.98", "metadata": {"min_n_below": 3948}}, "99": {"filename": "internal.99", "name": "internal.99", "metadata": {"min_n_below": 3953}}, "100": {"filename": "internal.100", "name": "internal.100", "metadata": {"min_n_below": 3903}}, "101": {"filename": "internal.101", "name": "internal.101", "metadata": {"min_n_below": 3816}}, "102": {"filename": "internal.102", "name": "internal.102", "metadata": {"min_n_below": 3902}}, "103": {"filename": "internal.103", "name": "internal.103", "metadata": {"min_n_below": 3916}}, "104": {"filename": "internal.104", "name": "internal.104", "metadata": {"min_n_below": 3887}}, "105": {"filename": "internal.105", "name": "internal.105", "metadata": {"min_n_below": 3759}}, "106": {"filename": "internal.106", "name": "internal.106", "metadata": {"min_n_below": 3975}}, "107": {"filename": "internal.107", "name": "internal.107", "metadata": {"min_n_below": 3890}}, "108": {"filename": "internal.108", "name": "internal.108", "metadata": {"min_n_below": 3870}}, "109": {"filename": "internal.109", "name": "internal.109", "metadata": {"min_n_below": 3647}}, "110": {"filename": "internal.110", "name": "internal.110", "metadata": {"min_n_below": 3921}}, "111": {"filename": "internal.111", "name": "internal.111", "metadata": {"min_n_below": 3848}}, "112": {"filename": "internal.112", "name": "internal.112", "metadata": {"min_n_below": 3942}}, "113": {"filename": "internal.113", "name": "internal.113", "metadata": {"min_n_below": 3745}}, "114": {"filename": "internal.114", "name": "internal.114", "metadata": {"min_n_below": 3725}}, "115": {"filename": "internal.115", "name": "internal.115", "metadata": {"min_n_below": 4058}}, "116": {"filename": "internal.116", "name": "internal.116", "metadata": {"min_n_below": 3956}}, "117": {"filename": "internal.117", "name": "internal.117", "metadata": {"min_n_below": 3904}}, "118": {"filename": "internal.118", "name": "internal.118", "metadata": {"min_n_below": 3947}}, "119": {"filename": "internal.119", "name": "internal.119", "metadata": {"min_n_below": 3853}}, "120": {"filename": "internal.120", "name": "internal.120", "metadata": {"min_n_below": 3964}}, "121": {"filename": "internal.121", "name": "internal.121", "metadata": {"min_n_below": 3962}}, "122": {"filename": "internal.122", "name": "internal.122", "metadata": {"min_n_below": 3839}}, "123": {"filename": "internal.123", "name": "internal.123", "metadata": {"min_n_below": 3739}}, "124": {"filename": "internal.124", "name": "internal.124", "metadata": {"min_n_below": 3768}}, "125": {"filename": "internal.125", "name": "internal.125", "metadata": {"min_n_below": 4009}}, "126": {"filename": "internal.126", "name": "internal.126", "metadata": {"min_n_below": 3990}}, "127": {"filename": "internal.127", "name": "internal.127", "metadata": {"min_n_below": 3835}}, "128": {"filename": "internal.128", "name": "internal.128", "metadata": {"min_n_below": 3883}}, "129": {"filename": "internal.129", "name": "internal.129", "metadata": {"min_n_below": 3961}}, "130": {"filename": "internal.130", "name": "internal.130", "metadata": {"min_n_below": 3934}}, "131": {"filename": "internal.131", "name": "internal.131", "metadata": {"min_n_below": 4142}}, "132": {"filename": "internal.132", "name": "internal.132", "metadata": {"min_n_below": 3895}}, "133": {"filename": "internal.133", "name": "internal.133", "metadata": {"min_n_below": 3979}}, "134": {"filename": "internal.134", "name": "internal.134", "metadata": {"min_n_below": 3801}}, "135": {"filename": "internal.135", "name": "internal.135", "metadata": {"min_n_below": 3905}}, "136": {"filename": "internal.136", "name": "internal.136", "metadata": {"min_n_below": 3943}}, "137": {"filename": "internal.137", "name": "internal.137", "metadata": {"min_n_below": 3773}}, "138": {"filename": "internal.138", "name": "internal.138", "metadata": {"min_n_below": 4074}}, "139": {"filename": "internal.139", "name": "internal.139", "metadata": {"min_n_below": 3873}}, "140": {"filename": "internal.140", "name": "internal.140", "metadata": {"min_n_below": 3970}}, "141": {"filename": "internal.141", "name": "internal.141", "metadata": {"min_n_below": 3860}}, "142": {"filename": "internal.142", "name": "internal.142", "metadata": {"min_n_below": 3920}}, "143": {"filename": "internal.143", "name": "internal.143", "metadata": {"min_n_below": 3673}}, "144": {"filename": "internal.144", "name": "internal.144", "metadata": {"min_n_below": 3897}}, "145": {"filename": "internal.145", "name": "internal.145", "metadata": {"min_n_below": 3864}}, "146": {"filename": "internal.146", "name": "internal.146", "metadata": {"min_n_below": 3830}}, "147": {"filename": "internal.147", "name": "internal.147", "metadata": {"min_n_below": 3840}}, "148": {"filename": "internal.148", "name": "internal.148", "metadata": {"min_n_below": 3784}}, "149": {"filename": "internal.149", "name": "internal.149", "metadata": {"min_n_below": 3788}}, "150": {"filename": "internal.150", "name": "internal.150", "metadata": {"min_n_below": 3914}}, "151": {"filename": "internal.151", "name": "internal.151", "metadata": {"min_n_below": 3708}}, "152": {"filename": "internal.152", "name": "internal.152", "metadata": {"min_n_below": 3667}}, "153": {"filename": "internal.153", "name": "internal.153", "metadata": {"min_n_below": 3704}}, "154": {"filename": "internal.154", "name": "internal.154", "metadata": {"min_n_below": 3980}}, "155": {"filename": "internal.155", "name": "internal.155", "metadata": {"min_n_below": 3608}}, "156": {"filename": "internal.156", "name": "internal.156", "metadata": {"min_n_below": 3825}}, "157": {"filename": "internal.157", "name": "internal.157", "metadata": {"min_n_below": 3858}}, "158": {"filename": "internal.158", "name": "internal.158", "metadata": {"min_n_below": 3853}}, "159": {"filename": "internal.159", "name": "internal.159", "metadata": {"min_n_below": 3916}}, "160": {"filename": "internal.160", "name": "internal.160", "metadata": {"min_n_below": 3766}}, "161": {"filename": "internal.161", "name": "internal.161", "metadata": {"min_n_below": 3948}}, "162": {"filename": "internal.162", "name": "internal.162", "metadata": {"min_n_below": 3868}}, "163": {"filename": "internal.163", "name": "internal.163", "metadata": {"min_n_below": 3961}}, "164": {"filename": "internal.164", "name": "internal.164", "metadata": {"min_n_below": 3796}}, "165": {"filename": "internal.165", "name": "internal.165", "metadata": {"min_n_below": 3844}}, "166": {"filename": "internal.166", "name": "internal.166", "metadata": {"min_n_below": 3803}}, "167": {"filename": "internal.167", "name": "internal.167", "metadata": {"min_n_below": 3764}}, "168": {"filename": "internal.168", "name": "internal.168", "metadata": {"min_n_below": 3551}}, "169": {"filename": "internal.169", "name": "internal.169", "metadata": {"min_n_below": 3768}}, "170": {"filename": "internal.170", "name": "internal.170", "metadata": {"min_n_below": 3575}}, "171": {"filename": "internal.171", "name": "internal.171", "metadata": {"min_n_below": 3821}}, "172": {"filename": "internal.172", "name": "internal.172", "metadata": {"min_n_below": 3715}}, "173": {"filename": "internal.173", "name": "internal.173", "metadata": {"min_n_below": 3817}}, "174": {"filename": "internal.174", "name": "internal.174", "metadata": {"min_n_below": 4012}}, "175": {"filename": "internal.175", "name": "internal.175", "metadata": {"min_n_below": 3917}}, "176": {"filename": "internal.176", "name": "internal.176", "metadata": {"min_n_below": 3844}}, "177": {"filename": "internal.177", "name": "internal.177", "metadata": {"min_n_below": 3863}}, "178": {"filename": "internal.178", "name": "internal.178", "metadata": {"min_n_below": 3942}}, "179": {"filename": "internal.179", "name": "internal.179", "metadata": {"min_n_below": 3820}}, "180": {"filename": "internal.180", "name": "internal.180", "metadata": {"min_n_below": 3948}}, "181": {"filename": "internal.181", "name": "internal.181", "metadata": {"min_n_below": 3876}}, "182": {"filename": "internal.182", "name": "internal.182", "metadata": {"min_n_below": 3893}}, "183": {"filename": "internal.183", "name": "internal.183", "metadata": {"min_n_below": 3721}}, "184": {"filename": "internal.184", "name": "internal.184", "metadata": {"min_n_below": 3741}}, "185": {"filename": "internal.185", "name": "internal.185", "metadata": {"min_n_below": 3948}}, "186": {"filename": "internal.186", "name": "internal.186", "metadata": {"min_n_below": 3792}}, "187": {"filename": "internal.187", "name": "internal.187", "metadata": {"min_n_below": 4007}}, "188": {"filename": "internal.188", "name": "internal.188", "metadata": {"min_n_below": 3839}}, "189": {"filename": "internal.189", "name": "internal.189", "metadata": {"min_n_below": 3949}}, "190": {"filename": "internal.190", "name": "internal.190", "metadata": {"min_n_below": 3853}}, "191": {"filename": "internal.191", "name": "internal.191", "metadata": {"min_n_below": 3914}}, "192": {"filename": "internal.192", "name": "internal.192", "metadata": {"min_n_below": 3858}}, "193": {"filename": "internal.193", "name": "internal.193", "metadata": {"min_n_below": 3901}}, "194": {"filename": "internal.194", "name": "internal.194", "metadata": {"min_n_below": 4037}}, "195": {"filename": "internal.195", "name": "internal.195", "metadata": {"min_n_below": 3852}}, "196": {"filename": "internal.196", "name": "internal.196", "metadata": {"min_n_below": 4016}}, "197": {"filename": "internal.197", "name": "internal.197", "metadata": {"min_n_below": 3948}}, "198": {"filename": "internal.198", "name": "internal.198", "metadata": {"min_n_below": 3989}}, "199": {"filename": "internal.199", "name": "internal.199", "metadata": {"min_n_below": 3953}}, "200": {"filename": "internal.200", "name": "internal.200", "metadata": {"min_n_below": 3961}}, "201": {"filename": "internal.201", "name": "internal.201", "metadata": {"min_n_below": 3903}}, "202": {"filename": "internal.202", "name": "internal.202", "metadata": {"min_n_below": 3921}}, "203": {"filename": "internal.203", "name": "internal.203", "metadata": {"min_n_below": 3816}}, "204": {"filename": "internal.204", "name": "internal.204", "metadata": {"min_n_below": 3875}}, "205": {"filename": "internal.205", "name": "internal.205", "metadata": {"min_n_below": 4014}}, "206": {"filename": "internal.206", "name": "internal.206", "metadata": {"min_n_below": 3902}}, "207": {"filename": "internal.207", "name": "internal.207", "metadata": {"min_n_below": 4149}}, "208": {"filename": "internal.208", "name": "internal.208", "metadata": {"min_n_below": 3916}}, "209": {"filename": "internal.209", "name": "internal.209", "metadata": {"min_n_below": 3990}}, "210": {"filename": "internal.210", "name": "internal.210", "metadata": {"min_n_below": 3887}}, "211": {"filename": "internal.211", "name": "internal.211", "metadata": {"min_n_below": 3759}}, "212": {"filename": "internal.212", "name": "internal.212", "metadata": {"min_n_below": 4017}}, "213": {"filename": "internal.213", "name": "internal.213", "metadata": {"min_n_below": 3975}}, "214": {"filename": "internal.214", "name": "internal.214", "metadata": {"min_n_below": 4044}}, "215": {"filename": "internal.215", "name": "internal.215", "metadata": {"min_n_below": 4138}}, "216": {"filename": "internal.216", "name": "internal.216", "metadata": {"min_n_below": 3890}}, "217": {"filename": "internal.217", "name": "internal.217", "metadata": {"min_n_below": 3948}}, "218": {"filename": "internal.218", "name": "internal.218", "metadata": {"min_n_below": 3870}}, "219": {"filename": "internal.219", "name": "internal.219", "metadata": {"min_n_below": 3802}}, "220": {"filename": "internal.220", "name": "internal.220", "metadata": {"min_n_below": 3647}}, "221": {"filename": "internal.221", "name": "internal.221", "metadata": {"min_n_below": 3948}}, "222": {"filename": "internal.222", "name": "internal.222", "metadata": {"min_n_below": 3921}}, "223": {"filename": "internal.223", "name": "internal.223", "metadata": {"min_n_below": 3989}}, "224": {"filename": "internal.224", "name": "internal.224", "metadata": {"min_n_below": 3848}}, "225": {"filename": "internal.225", "name": "internal.225", "metadata": {"min_n_below": 3947}}, "226": {"filename": "internal.226", "name": "internal.226", "metadata": {"min_n_below": 3942}}, "227": {"filename": "internal.227", "name": "internal.227", "metadata": {"min_n_below": 3788}}, "228": {"filename": "internal.228", "name": "internal.228", "metadata": {"min_n_below": 3745}}, "229": {"filename": "internal.229", "name": "internal.229", "metadata": {"min_n_below": 3948}}, "230": {"filename": "internal.230", "name": "internal.230", "metadata": {"min_n_below": 3725}}, "231": {"filename": "internal.231", "name": "internal.231", "metadata": {"min_n_below": 4176}}, "232": {"filename": "internal.232", "name": "internal.232", "metadata": {"min_n_below": 4058}}, "233": {"filename": "internal.233", "name": "internal.233", "metadata": {"min_n_below": 3956}}, "234": {"filename": "internal.234", "name": "internal.234", "metadata": {"min_n_below": 4013}}, "235": {"filename": "internal.235", "name": "internal.235", "metadata": {"min_n_below": 3904}}, "236": {"filename": "internal.236", "name": "internal.236", "metadata": {"min_n_below": 3926}}, "237": {"filename": "internal.237", "name": "internal.237", "metadata": {"min_n_below": 3947}}, "238": {"filename": "internal.238", "name": "internal.238", "metadata": {"min_n_below": 3983}}, "239": {"filename": "internal.239", "name": "internal.239", "metadata": {"min_n_below": 4114}}, "240": {"filename": "internal.240", "name": "internal.240", "metadata": {"min_n_below": 3853}}}, "signatures": {"241": {"filename": "7db073cfb9a17370f6693101690bf8fa", "name": "7db073cfb9a17370f6693101690bf8fa", "metadata": "7db073cfb9a17370f6693101690bf8fa"}, "242": {"filename": "ad9ab386bac2d38d7c2b2d4377e7bd70", "name": "ad9ab386bac2d38d7c2b2d4377e7bd70", "metadata": "ad9ab386bac2d38d7c2b2d4377e7bd70"}, "243": {"filename": "5ce12d629c2b5fe1546bd2762d92f748", "name": "5ce12d629c2b5fe1546bd2762d92f748", "metadata": "5ce12d629c2b5fe1546bd2762d92f748"}, "244": {"filename": "864a83408d69ba4a4dbfba865f1c469a", "name": "864a83408d69ba4a4dbfba865f1c469a", "metadata": "864a83408d69ba4a4dbfba865f1c469a"}, "245": {"filename": "ad8c088d7d8fb70a6d8f7fdc9335dffd", "name": "ad8c088d7d8fb70a6d8f7fdc9335dffd", "metadata": "ad8c088d7d8fb70a6d8f7fdc9335dffd"}, "246": {"filename": "4b911a50688fc63111c32527b917ba7d", "name": "4b911a50688fc63111c32527b917ba7d", "metadata": "4b911a50688fc63111c32527b917ba7d"}, "247": {"filename": "32ba178640b1d4db57cb202a01838766", "name": "32ba178640b1d4db57cb202a01838766", "metadata": "32ba178640b1d4db57cb202a01838766"}, "248": {"filename": "888aeef27b6a8e19bdc56e6937adfd1e", "name": "888aeef27b6a8e19bdc56e6937adfd1e", "metadata": "888aeef27b6a8e19bdc56e6937adfd1e"}, "249": {"filename": "606e4a1965845efabc29cf43456b4319", "name": "606e4a1965845efabc29cf43456b4319", "metadata": "606e4a1965845efabc29cf43456b4319"}, "250": {"filename": "e12a5b5a779149aa5579dc8f8813f308", "name": "e12a5b5a779149aa5579dc8f8813f308", "metadata": "e12a5b5a779149aa5579dc8f8813f308"}, "251": {"filename": "c093c5e8ecee2b4e8be8ab5f064d2fe7", "name": "c093c5e8ecee2b4e8be8ab5f064d2fe7", "metadata": "c093c5e8ecee2b4e8be8ab5f064d2fe7"}, "252": {"filename": "84eb0a96732639bd69f928967057d583", "name": "84eb0a96732639bd69f928967057d583", "metadata": "84eb0a96732639bd69f928967057d583"}, "253": {"filename": "6061cb4cdb7a99629a8b01605fa0ba51", "name": "6061cb4cdb7a99629a8b01605fa0ba51", "metadata": "6061cb4cdb7a99629a8b01605fa0ba51"}, "254": {"filename": "3d88939a906914d038eceeb26d75c5e3", "name": "3d88939a906914d038eceeb26d75c5e3", "metadata": "3d88939a906914d038eceeb26d75c5e3"}, "255": {"filename": "bfeba362fe03867c27deb3a7e98d6df1", "name": "bfeba362fe03867c27deb3a7e98d6df1", "metadata": "bfeba362fe03867c27deb3a7e98d6df1"}, "256": {"filename": "4055c854ac3234de78ec91c4ae1ef4c1", "name": "4055c854ac3234de78ec91c4ae1ef4c1", "metadata": "4055c854ac3234de78ec91c4ae1ef4c1"}, "257": {"filename": "606e4a1965845efabc29cf43456b4319_0", "name": "606e4a1965845efabc29cf43456b4319", "metadata": "606e4a1965845efabc29cf43456b4319"}, "258": {"filename": "cb328573beb22237ccaf92d3294df0db", "name": "cb328573beb22237ccaf92d3294df0db", "metadata": "cb328573beb22237ccaf92d3294df0db"}, "259": {"filename": "9bd5c69192002f15c2129abf8bfca136", "name": "9bd5c69192002f15c2129abf8bfca136", "metadata": "9bd5c69192002f15c2129abf8bfca136"}, "260": {"filename": "420c9c7b8ba56e952190af4beb6dc314", "name": "420c9c7b8ba56e952190af4beb6dc314", "metadata": "420c9c7b8ba56e952190af4beb6dc314"}, "261": {"filename": "606e4a1965845efabc29cf43456b4319_1", "name": "606e4a1965845efabc29cf43456b4319", "metadata": "606e4a1965845efabc29cf43456b4319"}, "262": {"filename": "73a1970ab90b4ae06e0b0b55d0906ef6", "name": "73a1970ab90b4ae06e0b0b55d0906ef6", "metadata": "73a1970ab90b4ae06e0b0b55d0906ef6"}, "263": {"filename": "fa3cae94899ee1ddefd93a3e069c4c99", "name": "fa3cae94899ee1ddefd93a3e069c4c99", "metadata": "fa3cae94899ee1ddefd93a3e069c4c99"}, "264": {"filename": "4096af14cd365005d1297b792b15e69e", "name": "4096af14cd365005d1297b792b15e69e", "metadata": "4096af14cd365005d1297b792b15e69e"}, "265": {"filename": "ad8c088d7d8fb70a6d8f7fdc9335dffd_0", "name": "ad8c088d7d8fb70a6d8f7fdc9335dffd", "metadata": "ad8c088d7d8fb70a6d8f7fdc9335dffd"}, "266": {"filename": "cb24d38b1fdbdcb7a231af4f112d8a81", "name": "cb24d38b1fdbdcb7a231af4f112d8a81", "metadata": "cb24d38b1fdbdcb7a231af4f112d8a81"}, "267": {"filename": "2503f40e2de4c11e307d8d2e24b56f2e", "name": "2503f40e2de4c11e307d8d2e24b56f2e", "metadata": "2503f40e2de4c11e307d8d2e24b56f2e"}, "268": {"filename": "7bbd5bcd9aa4a266376c61393210042d", "name": "7bbd5bcd9aa4a266376c61393210042d", "metadata": "7bbd5bcd9aa4a266376c61393210042d"}, "269": {"filename": "63681aca4cab966debab6eece7465128", "name": "63681aca4cab966debab6eece7465128", "metadata": "63681aca4cab966debab6eece7465128"}, "270": {"filename": "a9a1d349a77f63e463f56e679201e4c9", "name": "a9a1d349a77f63e463f56e679201e4c9", "metadata": "a9a1d349a77f63e463f56e679201e4c9"}, "271": {"filename": "5a903bdbb1a1fd480677ef13f84f9cdf", "name": "5a903bdbb1a1fd480677ef13f84f9cdf", "metadata": "5a903bdbb1a1fd480677ef13f84f9cdf"}, "272": {"filename": "ad7afba91f42ea15d11fa191287df5cf", "name": "ad7afba91f42ea15d11fa191287df5cf", "metadata": "ad7afba91f42ea15d11fa191287df5cf"}, "273": {"filename": "f5f1b46a3072b629e9285efc574ed6b9", "name": "f5f1b46a3072b629e9285efc574ed6b9", "metadata": "f5f1b46a3072b629e9285efc574ed6b9"}, "274": {"filename": "c50bb9829cfb0c12d8df2f838083a13f", "name": "c50bb9829cfb0c12d8df2f838083a13f", "metadata": "c50bb9829cfb0c12d8df2f838083a13f"}, "275": {"filename": "2784cb5493c4be0de4919199a2cb2366", "name": "2784cb5493c4be0de4919199a2cb2366", "metadata": "2784cb5493c4be0de4919199a2cb2366"}, "276": {"filename": "3338e6d52678e0b1eaf7b10aeb24f5c9", "name": "3338e6d52678e0b1eaf7b10aeb24f5c9", "metadata": "3338e6d52678e0b1eaf7b10aeb24f5c9"}, "277": {"filename": "355e5ea8c6181c4cf8e39c3a995937e8", "name": "355e5ea8c6181c4cf8e39c3a995937e8", "metadata": "355e5ea8c6181c4cf8e39c3a995937e8"}, "278": {"filename": "b480a1a2ca2dc0d1b9c10245a6f80a34", "name": "b480a1a2ca2dc0d1b9c10245a6f80a34", "metadata": "b480a1a2ca2dc0d1b9c10245a6f80a34"}, "279": {"filename": "6e624c1b6c64d8bb0404348164d44fc3", "name": "6e624c1b6c64d8bb0404348164d44fc3", "metadata": "6e624c1b6c64d8bb0404348164d44fc3"}, "280": {"filename": "6bb31de8befd6db5d1caffb0094663c1", "name": "6bb31de8befd6db5d1caffb0094663c1", "metadata": "6bb31de8befd6db5d1caffb0094663c1"}, "281": {"filename": "4e9663284d23c7b269d22325f94b9dc3", "name": "4e9663284d23c7b269d22325f94b9dc3", "metadata": "4e9663284d23c7b269d22325f94b9dc3"}, "282": {"filename": "77fcd174c1e51c57abe869810b732109", "name": "77fcd174c1e51c57abe869810b732109", "metadata": "77fcd174c1e51c57abe869810b732109"}, "283": {"filename": "3a311f4486a5919a9d9f3130112ee455", "name": "3a311f4486a5919a9d9f3130112ee455", "metadata": "3a311f4486a5919a9d9f3130112ee455"}, "284": {"filename": "61ba951e175eecb1e290ca898d15d12d", "name": "61ba951e175eecb1e290ca898d15d12d", "metadata": "61ba951e175eecb1e290ca898d15d12d"}, "285": {"filename": "bf27d1bfb0fd8f320672cec32ee4cd50", "name": "bf27d1bfb0fd8f320672cec32ee4cd50", "metadata": "bf27d1bfb0fd8f320672cec32ee4cd50"}, "286": {"filename": "c313eaebd76f109909061ee20d3e0ab8", "name": "c313eaebd76f109909061ee20d3e0ab8", "metadata": "c313eaebd76f109909061ee20d3e0ab8"}, "287": {"filename": "8b7e5fe745a1e1c4ba8e891a1acd52f8", "name": "8b7e5fe745a1e1c4ba8e891a1acd52f8", "metadata": "8b7e5fe745a1e1c4ba8e891a1acd52f8"}, "288": {"filename": "161a77d38547441fda163a0a87221135", "name": "161a77d38547441fda163a0a87221135", "metadata": "161a77d38547441fda163a0a87221135"}, "289": {"filename": "b0b7abd5babec5f20e47b171aa6a9e6f", "name": "b0b7abd5babec5f20e47b171aa6a9e6f", "metadata": "b0b7abd5babec5f20e47b171aa6a9e6f"}, "290": {"filename": "d2ec62ab3ad1c33a99f5ff2d3477ff37", "name": "d2ec62ab3ad1c33a99f5ff2d3477ff37", "metadata": "d2ec62ab3ad1c33a99f5ff2d3477ff37"}, "291": {"filename": "7bc63b9bbbe41cce41743e0f799abe20", "name": "7bc63b9bbbe41cce41743e0f799abe20", "metadata": "7bc63b9bbbe41cce41743e0f799abe20"}, "292": {"filename": "96e36b1798e12c0208dcf6c461f2895f", "name": "96e36b1798e12c0208dcf6c461f2895f", "metadata": "96e36b1798e12c0208dcf6c461f2895f"}, "293": {"filename": "9685dcaa66997bf585bae58ba89b83ca", "name": "9685dcaa66997bf585bae58ba89b83ca", "metadata": "9685dcaa66997bf585bae58ba89b83ca"}, "294": {"filename": "5beb8e30de1a94db656ff60a921e5d0c", "name": "5beb8e30de1a94db656ff60a921e5d0c", "metadata": "5beb8e30de1a94db656ff60a921e5d0c"}, "295": {"filename": "95d2c3bb4ac243e2b879d2d26e223384", "name": "95d2c3bb4ac243e2b879d2d26e223384", "metadata": "95d2c3bb4ac243e2b879d2d26e223384"}, "296": {"filename": "36626a5e3770ecfa4791e76c0a5f8af8", "name": "36626a5e3770ecfa4791e76c0a5f8af8", "metadata": "36626a5e3770ecfa4791e76c0a5f8af8"}, "297": {"filename": "6b01d27f6ce11a2fd94f2461465d25b4", "name": "6b01d27f6ce11a2fd94f2461465d25b4", "metadata": "6b01d27f6ce11a2fd94f2461465d25b4"}, "298": {"filename": "2f8c60ac96cb4fbdc30db8d2a5524701", "name": "2f8c60ac96cb4fbdc30db8d2a5524701", "metadata": "2f8c60ac96cb4fbdc30db8d2a5524701"}, "299": {"filename": "b7f5167035a735f0c9743cbb4f6c3bf7", "name": "b7f5167035a735f0c9743cbb4f6c3bf7", "metadata": "b7f5167035a735f0c9743cbb4f6c3bf7"}, "300": {"filename": "b9bf6c34d2afac8360818aa9513c10b7", "name": "b9bf6c34d2afac8360818aa9513c10b7", "metadata": "b9bf6c34d2afac8360818aa9513c10b7"}, "301": {"filename": "7cc1f9e7b78517108a130fe33d989c7e", "name": "7cc1f9e7b78517108a130fe33d989c7e", "metadata": "7cc1f9e7b78517108a130fe33d989c7e"}, "302": {"filename": "4f388afa6b5d8d7f2ff44c8043f8cb9a", "name": "4f388afa6b5d8d7f2ff44c8043f8cb9a", "metadata": "4f388afa6b5d8d7f2ff44c8043f8cb9a"}, "303": {"filename": "3b6552f9986abb7c4c12a1626493c6c0", "name": "3b6552f9986abb7c4c12a1626493c6c0", "metadata": "3b6552f9986abb7c4c12a1626493c6c0"}, "304": {"filename": "14e3da2f3593d8d510e29da083901391", "name": "14e3da2f3593d8d510e29da083901391", "metadata": "14e3da2f3593d8d510e29da083901391"}, "305": {"filename": "8f7bd0c0cb8f305d2ada8076c01699c7", "name": "8f7bd0c0cb8f305d2ada8076c01699c7", "metadata": "8f7bd0c0cb8f305d2ada8076c01699c7"}, "306": {"filename": "79571b94eabab1e023f39465532da6f3", "name": "79571b94eabab1e023f39465532da6f3", "metadata": "79571b94eabab1e023f39465532da6f3"}, "307": {"filename": "057569fcd2d46b283bb6633bae6184ab", "name": "057569fcd2d46b283bb6633bae6184ab", "metadata": "057569fcd2d46b283bb6633bae6184ab"}, "308": {"filename": "e6d248330f71fc9e5358136dc996e72b", "name": "e6d248330f71fc9e5358136dc996e72b", "metadata": "e6d248330f71fc9e5358136dc996e72b"}, "309": {"filename": "df28bbe04b889e80cf592fa65fb0208f", "name": "df28bbe04b889e80cf592fa65fb0208f", "metadata": "df28bbe04b889e80cf592fa65fb0208f"}, "310": {"filename": "bd45ffddaf7062f41bf9cc59479396e0", "name": "bd45ffddaf7062f41bf9cc59479396e0", "metadata": "bd45ffddaf7062f41bf9cc59479396e0"}, "311": {"filename": "f38ec151f2236c9da483e23e4a14b139", "name": "f38ec151f2236c9da483e23e4a14b139", "metadata": "f38ec151f2236c9da483e23e4a14b139"}, "312": {"filename": "2a275bcb41e3bb1ebb4508009202c469", "name": "2a275bcb41e3bb1ebb4508009202c469", "metadata": "2a275bcb41e3bb1ebb4508009202c469"}, "313": {"filename": "5699f4f70d8966c903bc6f84a2f7de10", "name": "5699f4f70d8966c903bc6f84a2f7de10", "metadata": "5699f4f70d8966c903bc6f84a2f7de10"}, "314": {"filename": "fea301575bfedef7c5b01cc6b796c090", "name": "fea301575bfedef7c5b01cc6b796c090", "metadata": "fea301575bfedef7c5b01cc6b796c090"}, "315": {"filename": "ee7231ae3fe5ac6762f2dc3061411b4c", "name": "ee7231ae3fe5ac6762f2dc3061411b4c", "metadata": "ee7231ae3fe5ac6762f2dc3061411b4c"}, "316": {"filename": "d457d647e7411f58a5ed9ae360cf9127", "name": "d457d647e7411f58a5ed9ae360cf9127", "metadata": "d457d647e7411f58a5ed9ae360cf9127"}, "317": {"filename": "d24780120a10b64e162c4c6f8347f9d4", "name": "d24780120a10b64e162c4c6f8347f9d4", "metadata": "d24780120a10b64e162c4c6f8347f9d4"}, "318": {"filename": "721f89ce1759c30439ea676245cbac5f", "name": "721f89ce1759c30439ea676245cbac5f", "metadata": "721f89ce1759c30439ea676245cbac5f"}, "319": {"filename": "81ce845f40ce6117d8250b3fcb7126b3", "name": "81ce845f40ce6117d8250b3fcb7126b3", "metadata": "81ce845f40ce6117d8250b3fcb7126b3"}, "320": {"filename": "2729debe07ddb44a6f0b0a14c6797d23", "name": "2729debe07ddb44a6f0b0a14c6797d23", "metadata": "2729debe07ddb44a6f0b0a14c6797d23"}, "321": {"filename": "3b0e7df5d1988ebe3e72512f5d101f53", "name": "3b0e7df5d1988ebe3e72512f5d101f53", "metadata": "3b0e7df5d1988ebe3e72512f5d101f53"}, "322": {"filename": "3062361e937b1a2a5e8626ab8fff0e5b", "name": "3062361e937b1a2a5e8626ab8fff0e5b", "metadata": "3062361e937b1a2a5e8626ab8fff0e5b"}, "323": {"filename": "a4b904bf98d127012c8496542d83214b", "name": "a4b904bf98d127012c8496542d83214b", "metadata": "a4b904bf98d127012c8496542d83214b"}, "324": {"filename": "37414965af1a5df0a0fa0aaaa616b3f2", "name": "37414965af1a5df0a0fa0aaaa616b3f2", "metadata": "37414965af1a5df0a0fa0aaaa616b3f2"}, "325": {"filename": "388ca391a927d8949cc44e6dce2444ed", "name": "388ca391a927d8949cc44e6dce2444ed", "metadata": "388ca391a927d8949cc44e6dce2444ed"}, "326": {"filename": "dfb12a5c752d7bad66abde32a67e85d2", "name": "dfb12a5c752d7bad66abde32a67e85d2", "metadata": "dfb12a5c752d7bad66abde32a67e85d2"}, "327": {"filename": "875414d91d231e03e0b6ee07669f3e7d", "name": "875414d91d231e03e0b6ee07669f3e7d", "metadata": "875414d91d231e03e0b6ee07669f3e7d"}, "328": {"filename": "5d808c5d8b0e9291ea760ba773ca9895", "name": "5d808c5d8b0e9291ea760ba773ca9895", "metadata": "5d808c5d8b0e9291ea760ba773ca9895"}, "329": {"filename": "434717156c4e4b2b3ff57e8dda108fbe", "name": "434717156c4e4b2b3ff57e8dda108fbe", "metadata": "434717156c4e4b2b3ff57e8dda108fbe"}, "330": {"filename": "823315c74b7ba176993c3fb140495c4e", "name": "823315c74b7ba176993c3fb140495c4e", "metadata": "823315c74b7ba176993c3fb140495c4e"}, "331": {"filename": "f02f0d9fb19b6e39fd64ffffc5d0438f", "name": "f02f0d9fb19b6e39fd64ffffc5d0438f", "metadata": "f02f0d9fb19b6e39fd64ffffc5d0438f"}, "332": {"filename": "f3cd494dc680661a44a84f80fd8d95e4", "name": "f3cd494dc680661a44a84f80fd8d95e4", "metadata": "f3cd494dc680661a44a84f80fd8d95e4"}, "333": {"filename": "890d86b93d865b7849459564f43b338c", "name": "890d86b93d865b7849459564f43b338c", "metadata": "890d86b93d865b7849459564f43b338c"}, "334": {"filename": "9b888545e9badef1766855ca61283b0b", "name": "9b888545e9badef1766855ca61283b0b", "metadata": "9b888545e9badef1766855ca61283b0b"}, "335": {"filename": "e002402a4efccdb85eb085bb13e533d5", "name": "e002402a4efccdb85eb085bb13e533d5", "metadata": "e002402a4efccdb85eb085bb13e533d5"}, "336": {"filename": "9cb668c36cf9b43cd082402c358e0dad", "name": "9cb668c36cf9b43cd082402c358e0dad", "metadata": "9cb668c36cf9b43cd082402c358e0dad"}, "337": {"filename": "14a669b0432b16060c0aabf1f31025f7", "name": "14a669b0432b16060c0aabf1f31025f7", "metadata": "14a669b0432b16060c0aabf1f31025f7"}, "338": {"filename": "befe527c3eb11be1160713ef70037891", "name": "befe527c3eb11be1160713ef70037891", "metadata": "befe527c3eb11be1160713ef70037891"}, "339": {"filename": "bb04daa51733f754b0d5af1f2d14889c", "name": "bb04daa51733f754b0d5af1f2d14889c", "metadata": "bb04daa51733f754b0d5af1f2d14889c"}, "340": {"filename": "4080f06104e30fa688ac9c5f8cf4e997", "name": "4080f06104e30fa688ac9c5f8cf4e997", "metadata": "4080f06104e30fa688ac9c5f8cf4e997"}, "341": {"filename": "0a69bad575301b78c4d52e115fd52959", "name": "0a69bad575301b78c4d52e115fd52959", "metadata": "0a69bad575301b78c4d52e115fd52959"}, "342": {"filename": "5056990388f60be6b89688697da07a1f", "name": "5056990388f60be6b89688697da07a1f", "metadata": "5056990388f60be6b89688697da07a1f"}, "343": {"filename": "7e0aa92e0d01934dcc744381d1c0a39a", "name": "7e0aa92e0d01934dcc744381d1c0a39a", "metadata": "7e0aa92e0d01934dcc744381d1c0a39a"}, "344": {"filename": "888a0868eac2104f4ad60a43e26f9bd4", "name": "888a0868eac2104f4ad60a43e26f9bd4", "metadata": "888a0868eac2104f4ad60a43e26f9bd4"}, "345": {"filename": "43dc87525babc2fb9275fd67fc60e986", "name": "43dc87525babc2fb9275fd67fc60e986", "metadata": "43dc87525babc2fb9275fd67fc60e986"}, "346": {"filename": "da3a8f616d602e83d0bbe906521a9929", "name": "da3a8f616d602e83d0bbe906521a9929", "metadata": "da3a8f616d602e83d0bbe906521a9929"}, "347": {"filename": "8df33d6414eab8620dd7ed9135f65189", "name": "8df33d6414eab8620dd7ed9135f65189", "metadata": "8df33d6414eab8620dd7ed9135f65189"}, "348": {"filename": "b9d047d6ee424943573b19759dc8069c", "name": "b9d047d6ee424943573b19759dc8069c", "metadata": "b9d047d6ee424943573b19759dc8069c"}, "349": {"filename": "805b93fbf2ff262c241fed6705e6cb48", "name": "805b93fbf2ff262c241fed6705e6cb48", "metadata": "805b93fbf2ff262c241fed6705e6cb48"}, "350": {"filename": "d6eede26267749b85a848d401d394649", "name": "d6eede26267749b85a848d401d394649", "metadata": "d6eede26267749b85a848d401d394649"}, "351": {"filename": "806e0f515aaf86897c592bc35b83d0a3", "name": "806e0f515aaf86897c592bc35b83d0a3", "metadata": "806e0f515aaf86897c592bc35b83d0a3"}, "352": {"filename": "4c0592f3549045bf27df5b338f76045f", "name": "4c0592f3549045bf27df5b338f76045f", "metadata": "4c0592f3549045bf27df5b338f76045f"}, "353": {"filename": "c92e4bf82b19cc5901d11ab4308880fe", "name": "c92e4bf82b19cc5901d11ab4308880fe", "metadata": "c92e4bf82b19cc5901d11ab4308880fe"}, "354": {"filename": "ff2833b8a15415df1a0b55baa1433f3a", "name": "ff2833b8a15415df1a0b55baa1433f3a", "metadata": "ff2833b8a15415df1a0b55baa1433f3a"}, "355": {"filename": "4487ae988fe9aa49d24f5df073c7f94e", "name": "4487ae988fe9aa49d24f5df073c7f94e", "metadata": "4487ae988fe9aa49d24f5df073c7f94e"}, "356": {"filename": "68dca95783512a2da5eeb7cbc0969d2f", "name": "68dca95783512a2da5eeb7cbc0969d2f", "metadata": "68dca95783512a2da5eeb7cbc0969d2f"}, "357": {"filename": "39d76c7cd613dec20aa219477d7744a4", "name": "39d76c7cd613dec20aa219477d7744a4", "metadata": "39d76c7cd613dec20aa219477d7744a4"}, "358": {"filename": "266909ca1d322dfd5b12b30d504d8771", "name": "266909ca1d322dfd5b12b30d504d8771", "metadata": "266909ca1d322dfd5b12b30d504d8771"}, "359": {"filename": "cad3a96f6b750808a1f29179d7b080c3", "name": "cad3a96f6b750808a1f29179d7b080c3", "metadata": "cad3a96f6b750808a1f29179d7b080c3"}, "360": {"filename": "eed043985d085003af06fa9aeb77c268", "name": "eed043985d085003af06fa9aeb77c268", "metadata": "eed043985d085003af06fa9aeb77c268"}, "361": {"filename": "da0eba1de8aea8db0e01d150e6b76418", "name": "da0eba1de8aea8db0e01d150e6b76418", "metadata": "da0eba1de8aea8db0e01d150e6b76418"}, "362": {"filename": "05ad6bead5e8d5ccbd3b367843ac3436", "name": "05ad6bead5e8d5ccbd3b367843ac3436", "metadata": "05ad6bead5e8d5ccbd3b367843ac3436"}, "363": {"filename": "333549981e1ef2d7962a02894b578880", "name": "333549981e1ef2d7962a02894b578880", "metadata": "333549981e1ef2d7962a02894b578880"}, "364": {"filename": "b179414d6f0b3d09a75d4f9346b4a844", "name": "b179414d6f0b3d09a75d4f9346b4a844", "metadata": "b179414d6f0b3d09a75d4f9346b4a844"}, "365": {"filename": "953427a0529339b8eef867839b10ea62", "name": "953427a0529339b8eef867839b10ea62", "metadata": "953427a0529339b8eef867839b10ea62"}, "366": {"filename": "a19ae660ddcc43e613352576e7c42548", "name": "a19ae660ddcc43e613352576e7c42548", "metadata": "a19ae660ddcc43e613352576e7c42548"}, "367": {"filename": "1e685f454949256e2f4212c8bd84d217", "name": "1e685f454949256e2f4212c8bd84d217", "metadata": "1e685f454949256e2f4212c8bd84d217"}, "368": {"filename": "0c872bdb9b4ea614e1b66413017127c4", "name": "0c872bdb9b4ea614e1b66413017127c4", "metadata": "0c872bdb9b4ea614e1b66413017127c4"}, "369": {"filename": "e5c7cfc398b737e3fca933d83244f0c9", "name": "e5c7cfc398b737e3fca933d83244f0c9", "metadata": "e5c7cfc398b737e3fca933d83244f0c9"}, "370": {"filename": "0e09fdde4531eda0bf6d3342613c41c2", "name": "0e09fdde4531eda0bf6d3342613c41c2", "metadata": "0e09fdde4531eda0bf6d3342613c41c2"}, "371": {"filename": "94d49161459d164d0a0f7e14613a1db0", "name": "94d49161459d164d0a0f7e14613a1db0", "metadata": "94d49161459d164d0a0f7e14613a1db0"}, "372": {"filename": "94a8bae5fe4cb4fcec5241107ff8900c", "name": "94a8bae5fe4cb4fcec5241107ff8900c", "metadata": "94a8bae5fe4cb4fcec5241107ff8900c"}, "373": {"filename": "174003d6a219d627ce47d024709e1397", "name": "174003d6a219d627ce47d024709e1397", "metadata": "174003d6a219d627ce47d024709e1397"}, "374": {"filename": "a126e64c5125633d6ee8a6bc41a7216b", "name": "a126e64c5125633d6ee8a6bc41a7216b", "metadata": "a126e64c5125633d6ee8a6bc41a7216b"}, "375": {"filename": "e3cfc6d7f593722283050129f254d282", "name": "e3cfc6d7f593722283050129f254d282", "metadata": "e3cfc6d7f593722283050129f254d282"}, "376": {"filename": "56c4819a8a0be0d0e004c1f89e3a4103", "name": "56c4819a8a0be0d0e004c1f89e3a4103", "metadata": "56c4819a8a0be0d0e004c1f89e3a4103"}, "377": {"filename": "db9f7148581348c0d8484c5f249cf134", "name": "db9f7148581348c0d8484c5f249cf134", "metadata": "db9f7148581348c0d8484c5f249cf134"}, "378": {"filename": "702000e19f50648802e394784fd5bdf0", "name": "702000e19f50648802e394784fd5bdf0", "metadata": "702000e19f50648802e394784fd5bdf0"}, "379": {"filename": "ac14a25f2dd66d0c1b02a2ca1f96fdbd", "name": "ac14a25f2dd66d0c1b02a2ca1f96fdbd", "metadata": "ac14a25f2dd66d0c1b02a2ca1f96fdbd"}, "380": {"filename": "b7e342a90a9f6bf3e9cadaac1000f6c4", "name": "b7e342a90a9f6bf3e9cadaac1000f6c4", "metadata": "b7e342a90a9f6bf3e9cadaac1000f6c4"}, "381": {"filename": "928c9ea8bb98ab8d4b8900052a7d3b5f", "name": "928c9ea8bb98ab8d4b8900052a7d3b5f", "metadata": "928c9ea8bb98ab8d4b8900052a7d3b5f"}, "382": {"filename": "f8c3c8d8abd35a66fbca951f07b62ddf", "name": "f8c3c8d8abd35a66fbca951f07b62ddf", "metadata": "f8c3c8d8abd35a66fbca951f07b62ddf"}, "383": {"filename": "70a702b629d5cfc078593438bc2862d6", "name": "70a702b629d5cfc078593438bc2862d6", "metadata": "70a702b629d5cfc078593438bc2862d6"}, "384": {"filename": "44dbab3af28b6539d630a7e5048834b3", "name": "44dbab3af28b6539d630a7e5048834b3", "metadata": "44dbab3af28b6539d630a7e5048834b3"}, "385": {"filename": "22c3e30ce6041201521b72b6cb28845a", "name": "22c3e30ce6041201521b72b6cb28845a", "metadata": "22c3e30ce6041201521b72b6cb28845a"}, "386": {"filename": "e57df836cc38ca1ae542d8531229b51e", "name": "e57df836cc38ca1ae542d8531229b51e", "metadata": "e57df836cc38ca1ae542d8531229b51e"}, "387": {"filename": "94d49161459d164d0a0f7e14613a1db0_0", "name": "94d49161459d164d0a0f7e14613a1db0", "metadata": "94d49161459d164d0a0f7e14613a1db0"}, "388": {"filename": "da7d922176abc274132a1f871e68941f", "name": "da7d922176abc274132a1f871e68941f", "metadata": "da7d922176abc274132a1f871e68941f"}, "389": {"filename": "396aef1a8032d34082a90f2d7251ef74", "name": "396aef1a8032d34082a90f2d7251ef74", "metadata": "396aef1a8032d34082a90f2d7251ef74"}, "390": {"filename": "f24bc4218203a28c3bedd2d3e5300dd3", "name": "f24bc4218203a28c3bedd2d3e5300dd3", "metadata": "f24bc4218203a28c3bedd2d3e5300dd3"}, "391": {"filename": "1068ab238fb07dc66fc839c26a9f15e1", "name": "1068ab238fb07dc66fc839c26a9f15e1", "metadata": "1068ab238fb07dc66fc839c26a9f15e1"}, "392": {"filename": "2972bedfa173b69765a060bc276528d5", "name": "2972bedfa173b69765a060bc276528d5", "metadata": "2972bedfa173b69765a060bc276528d5"}, "393": {"filename": "b183d11046a53779d77430075283acf5", "name": "b183d11046a53779d77430075283acf5", "metadata": "b183d11046a53779d77430075283acf5"}, "394": {"filename": "7d219e702d1dea6e23b30647a314561e", "name": "7d219e702d1dea6e23b30647a314561e", "metadata": "7d219e702d1dea6e23b30647a314561e"}, "395": {"filename": "94d49161459d164d0a0f7e14613a1db0_1", "name": "94d49161459d164d0a0f7e14613a1db0", "metadata": "94d49161459d164d0a0f7e14613a1db0"}, "396": {"filename": "ed0771afc976579fc7b5476de6b29080", "name": "ed0771afc976579fc7b5476de6b29080", "metadata": "ed0771afc976579fc7b5476de6b29080"}, "397": {"filename": "5455c542d729d604b3fc670b4eb79425", "name": "5455c542d729d604b3fc670b4eb79425", "metadata": "5455c542d729d604b3fc670b4eb79425"}, "398": {"filename": "d1a9de34e2ee8b9efe8c53ba2eee81a5", "name": "d1a9de34e2ee8b9efe8c53ba2eee81a5", "metadata": "d1a9de34e2ee8b9efe8c53ba2eee81a5"}, "399": {"filename": "ffd29a8cf6a3b5304640d667771d5126", "name": "ffd29a8cf6a3b5304640d667771d5126", "metadata": "ffd29a8cf6a3b5304640d667771d5126"}, "400": {"filename": "fc1c69970f36aa4848402b890336cfc1", "name": "fc1c69970f36aa4848402b890336cfc1", "metadata": "fc1c69970f36aa4848402b890336cfc1"}, "401": {"filename": "62cd95895a499d5d4fb85550924b9fe1", "name": "62cd95895a499d5d4fb85550924b9fe1", "metadata": "62cd95895a499d5d4fb85550924b9fe1"}, "402": {"filename": "87162ed47dc716057644368f7b670113", "name": "87162ed47dc716057644368f7b670113", "metadata": "87162ed47dc716057644368f7b670113"}, "403": {"filename": "b6065a8a7a576d0edc305d0dcf9e021b", "name": "b6065a8a7a576d0edc305d0dcf9e021b", "metadata": "b6065a8a7a576d0edc305d0dcf9e021b"}, "404": {"filename": "cd6abb60cc53f6247b591e421883342d", "name": "cd6abb60cc53f6247b591e421883342d", "metadata": "cd6abb60cc53f6247b591e421883342d"}, "405": {"filename": "8f5019edf2af62afd1e3fe63146348a6", "name": "8f5019edf2af62afd1e3fe63146348a6", "metadata": "8f5019edf2af62afd1e3fe63146348a6"}, "406": {"filename": "25f59e4cf05cf4653d7a1c58790a7d12", "name": "25f59e4cf05cf4653d7a1c58790a7d12", "metadata": "25f59e4cf05cf4653d7a1c58790a7d12"}, "407": {"filename": "60932a78dba19dabd582ebf3f865c899", "name": "60932a78dba19dabd582ebf3f865c899", "metadata": "60932a78dba19dabd582ebf3f865c899"}, "408": {"filename": "42e60a732ca40f2aef1b56abe0d2f596", "name": "42e60a732ca40f2aef1b56abe0d2f596", "metadata": "42e60a732ca40f2aef1b56abe0d2f596"}, "409": {"filename": "3f45ec2922b7824613f5711a8beef5fd", "name": "3f45ec2922b7824613f5711a8beef5fd", "metadata": "3f45ec2922b7824613f5711a8beef5fd"}, "410": {"filename": "123b38183481fbfe62dfcce1651b23b1", "name": "123b38183481fbfe62dfcce1651b23b1", "metadata": "123b38183481fbfe62dfcce1651b23b1"}, "411": {"filename": "2341981b0b0802f327435de5541ec3da", "name": "2341981b0b0802f327435de5541ec3da", "metadata": "2341981b0b0802f327435de5541ec3da"}, "412": {"filename": "6476609be2faa6483d106cfe438ad52b", "name": "6476609be2faa6483d106cfe438ad52b", "metadata": "6476609be2faa6483d106cfe438ad52b"}, "413": {"filename": "e5e88849dd108e0bc294840ac2c6f3f7", "name": "e5e88849dd108e0bc294840ac2c6f3f7", "metadata": "e5e88849dd108e0bc294840ac2c6f3f7"}, "414": {"filename": "bfef63b2668dbd5ebad4d24a5eb8559c", "name": "bfef63b2668dbd5ebad4d24a5eb8559c", "metadata": "bfef63b2668dbd5ebad4d24a5eb8559c"}, "415": {"filename": "6b415f946d330a1d878d001669a64be4", "name": "6b415f946d330a1d878d001669a64be4", "metadata": "6b415f946d330a1d878d001669a64be4"}, "416": {"filename": "5737409432fdc4dfe181edb8282d17b3", "name": "5737409432fdc4dfe181edb8282d17b3", "metadata": "5737409432fdc4dfe181edb8282d17b3"}, "417": {"filename": "822fa5a1821e1eb45d65e48988ccc18c", "name": "822fa5a1821e1eb45d65e48988ccc18c", "metadata": "822fa5a1821e1eb45d65e48988ccc18c"}, "418": {"filename": "f3e308280af9fba2a022695fd4193d7d", "name": "f3e308280af9fba2a022695fd4193d7d", "metadata": "f3e308280af9fba2a022695fd4193d7d"}, "419": {"filename": "e5df4d1d62d83dc67fb3db6486717ea9", "name": "e5df4d1d62d83dc67fb3db6486717ea9", "metadata": "e5df4d1d62d83dc67fb3db6486717ea9"}, "420": {"filename": "a0ffa89d54157e326bc48cfa566043ef", "name": "a0ffa89d54157e326bc48cfa566043ef", "metadata": "a0ffa89d54157e326bc48cfa566043ef"}, "421": {"filename": "785003f2ad99de65aaf0770e83fa89a5", "name": "785003f2ad99de65aaf0770e83fa89a5", "metadata": "785003f2ad99de65aaf0770e83fa89a5"}, "422": {"filename": "bda609615db500d366e087a174802d4c", "name": "bda609615db500d366e087a174802d4c", "metadata": "bda609615db500d366e087a174802d4c"}, "423": {"filename": "3a161006b74a4b063fe2484be9ec73c1", "name": "3a161006b74a4b063fe2484be9ec73c1", "metadata": "3a161006b74a4b063fe2484be9ec73c1"}, "424": {"filename": "7bc887d3705f24e91c82faa490b5298b", "name": "7bc887d3705f24e91c82faa490b5298b", "metadata": "7bc887d3705f24e91c82faa490b5298b"}, "425": {"filename": "f6579bf3b4d2da372960f1cb2116c5a1", "name": "f6579bf3b4d2da372960f1cb2116c5a1", "metadata": "f6579bf3b4d2da372960f1cb2116c5a1"}, "426": {"filename": "6174df9d832ff98cc5853926915d431a", "name": "6174df9d832ff98cc5853926915d431a", "metadata": "6174df9d832ff98cc5853926915d431a"}, "427": {"filename": "891b1b7ca6cd98eb0c198e6fab6a5bd4", "name": "891b1b7ca6cd98eb0c198e6fab6a5bd4", "metadata": "891b1b7ca6cd98eb0c198e6fab6a5bd4"}, "428": {"filename": "6b847819adf0872e95954d94977a4e7f", "name": "6b847819adf0872e95954d94977a4e7f", "metadata": "6b847819adf0872e95954d94977a4e7f"}, "429": {"filename": "463a67ed5ad739197b7549baae22a34f", "name": "463a67ed5ad739197b7549baae22a34f", "metadata": "463a67ed5ad739197b7549baae22a34f"}, "430": {"filename": "f287c9e01a96e81382f1d7e8ddbb6760", "name": "f287c9e01a96e81382f1d7e8ddbb6760", "metadata": "f287c9e01a96e81382f1d7e8ddbb6760"}, "431": {"filename": "c7fcc696f077ad307fbda71bf65c0979", "name": "c7fcc696f077ad307fbda71bf65c0979", "metadata": "c7fcc696f077ad307fbda71bf65c0979"}, "432": {"filename": "9c79a56eff3df7e6fdbac889cfa30323", "name": "9c79a56eff3df7e6fdbac889cfa30323", "metadata": "9c79a56eff3df7e6fdbac889cfa30323"}, "433": {"filename": "8dfb14c8893669683f24affa6136ee93", "name": "8dfb14c8893669683f24affa6136ee93", "metadata": "8dfb14c8893669683f24affa6136ee93"}, "434": {"filename": "2a718b397a9393461a3cc27b80af010d", "name": "2a718b397a9393461a3cc27b80af010d", "metadata": "2a718b397a9393461a3cc27b80af010d"}, "435": {"filename": "94d49161459d164d0a0f7e14613a1db0_2", "name": "94d49161459d164d0a0f7e14613a1db0", "metadata": "94d49161459d164d0a0f7e14613a1db0"}, "436": {"filename": "9d16338a1ad715e828a8c5d3ea73c7d3", "name": "9d16338a1ad715e828a8c5d3ea73c7d3", "metadata": "9d16338a1ad715e828a8c5d3ea73c7d3"}, "437": {"filename": "76a046829dc5254c11068091ac9cf2de", "name": "76a046829dc5254c11068091ac9cf2de", "metadata": "76a046829dc5254c11068091ac9cf2de"}, "438": {"filename": "f91c0951737123af81086f394eee1d2e", "name": "f91c0951737123af81086f394eee1d2e", "metadata": "f91c0951737123af81086f394eee1d2e"}, "439": {"filename": "1d53752b913656a4981ea94cc9a5b7c9", "name": "1d53752b913656a4981ea94cc9a5b7c9", "metadata": "1d53752b913656a4981ea94cc9a5b7c9"}, "440": {"filename": "402d7807b8690b12b26713a9eef6082e", "name": "402d7807b8690b12b26713a9eef6082e", "metadata": "402d7807b8690b12b26713a9eef6082e"}, "441": {"filename": "acb69f6fb81fb866efde0fe961715c02", "name": "acb69f6fb81fb866efde0fe961715c02", "metadata": "acb69f6fb81fb866efde0fe961715c02"}, "442": {"filename": "5cbf0a750863e5cdfba50ceba82bf72f", "name": "5cbf0a750863e5cdfba50ceba82bf72f", "metadata": "5cbf0a750863e5cdfba50ceba82bf72f"}, "443": {"filename": "94d49161459d164d0a0f7e14613a1db0_3", "name": "94d49161459d164d0a0f7e14613a1db0", "metadata": "94d49161459d164d0a0f7e14613a1db0"}, "444": {"filename": "bae2518d70e54c4c7c16f6860917060e", "name": "bae2518d70e54c4c7c16f6860917060e", "metadata": "bae2518d70e54c4c7c16f6860917060e"}, "445": {"filename": "88369aa786bc3827943ae46998e29fec", "name": "88369aa786bc3827943ae46998e29fec", "metadata": "88369aa786bc3827943ae46998e29fec"}, "446": {"filename": "4d423a9397df59a9ae814ce5c3b59f19", "name": "4d423a9397df59a9ae814ce5c3b59f19", "metadata": "4d423a9397df59a9ae814ce5c3b59f19"}, "447": {"filename": "7907dbd560bb92f2d90b880dccf5ebe8", "name": "7907dbd560bb92f2d90b880dccf5ebe8", "metadata": "7907dbd560bb92f2d90b880dccf5ebe8"}, "448": {"filename": "06f4bb12548fc941e2bca17e6b3e6b1a", "name": "06f4bb12548fc941e2bca17e6b3e6b1a", "metadata": "06f4bb12548fc941e2bca17e6b3e6b1a"}, "449": {"filename": "305f0e54e563c16f1994d2b0d2e4a90f", "name": "305f0e54e563c16f1994d2b0d2e4a90f", "metadata": "305f0e54e563c16f1994d2b0d2e4a90f"}, "450": {"filename": "1871c66baad99b3c51aab741cf16d0fa", "name": "1871c66baad99b3c51aab741cf16d0fa", "metadata": "1871c66baad99b3c51aab741cf16d0fa"}, "451": {"filename": "b6065a8a7a576d0edc305d0dcf9e021b_0", "name": "b6065a8a7a576d0edc305d0dcf9e021b", "metadata": "b6065a8a7a576d0edc305d0dcf9e021b"}, "452": {"filename": "079c4aa281d89ea9b26279af201f36ed", "name": "079c4aa281d89ea9b26279af201f36ed", "metadata": "079c4aa281d89ea9b26279af201f36ed"}, "453": {"filename": "5fc89d8f01e02220e1fe4f86073211b6", "name": "5fc89d8f01e02220e1fe4f86073211b6", "metadata": "5fc89d8f01e02220e1fe4f86073211b6"}, "454": {"filename": "a0ee21648f3ca07d4635c74d49643b7c", "name": "a0ee21648f3ca07d4635c74d49643b7c", "metadata": "a0ee21648f3ca07d4635c74d49643b7c"}, "455": {"filename": "28a322da10f7872714d9e9614853b139", "name": "28a322da10f7872714d9e9614853b139", "metadata": "28a322da10f7872714d9e9614853b139"}, "456": {"filename": "66cc68c815709849982af7542a78235e", "name": "66cc68c815709849982af7542a78235e", "metadata": "66cc68c815709849982af7542a78235e"}, "457": {"filename": "26e882a87090c4f7f515c9f1f35d9504", "name": "26e882a87090c4f7f515c9f1f35d9504", "metadata": "26e882a87090c4f7f515c9f1f35d9504"}, "458": {"filename": "9cd9bf7e248b44998857d9f54e3daff6", "name": "9cd9bf7e248b44998857d9f54e3daff6", "metadata": "9cd9bf7e248b44998857d9f54e3daff6"}, "459": {"filename": "94d49161459d164d0a0f7e14613a1db0_4", "name": "94d49161459d164d0a0f7e14613a1db0", "metadata": "94d49161459d164d0a0f7e14613a1db0"}, "460": {"filename": "bb13703ad2fd84c66b73e9ad2ddcf735", "name": "bb13703ad2fd84c66b73e9ad2ddcf735", "metadata": "bb13703ad2fd84c66b73e9ad2ddcf735"}, "461": {"filename": "e456db262dc1a16abe7376409129ef55", "name": "e456db262dc1a16abe7376409129ef55", "metadata": "e456db262dc1a16abe7376409129ef55"}, "462": {"filename": "02fdfc19cda2e2df087fbd298b79ddbf", "name": "02fdfc19cda2e2df087fbd298b79ddbf", "metadata": "02fdfc19cda2e2df087fbd298b79ddbf"}, "463": {"filename": "0170aa439d8d720698938d362e419e48", "name": "0170aa439d8d720698938d362e419e48", "metadata": "0170aa439d8d720698938d362e419e48"}, "464": {"filename": "5bda5691d000a6e0afe79e170b9a1d75", "name": "5bda5691d000a6e0afe79e170b9a1d75", "metadata": "5bda5691d000a6e0afe79e170b9a1d75"}, "465": {"filename": "241b5aa408f483b47847e353762c08f6", "name": "241b5aa408f483b47847e353762c08f6", "metadata": "241b5aa408f483b47847e353762c08f6"}, "466": {"filename": "50d05b3852724093317183c3d0203b1f", "name": "50d05b3852724093317183c3d0203b1f", "metadata": "50d05b3852724093317183c3d0203b1f"}, "467": {"filename": "d9dd2e5dee5056773eafe4682206848c", "name": "d9dd2e5dee5056773eafe4682206848c", "metadata": "d9dd2e5dee5056773eafe4682206848c"}, "468": {"filename": "dbb938b097aa41b874e1dcc7549b184a", "name": "dbb938b097aa41b874e1dcc7549b184a", "metadata": "dbb938b097aa41b874e1dcc7549b184a"}, "469": {"filename": "0a335a5f590cc79509e7da8e5a3577af", "name": "0a335a5f590cc79509e7da8e5a3577af", "metadata": "0a335a5f590cc79509e7da8e5a3577af"}, "470": {"filename": "8a1dac258fe0679b63f38ec9cc1542a1", "name": "8a1dac258fe0679b63f38ec9cc1542a1", "metadata": "8a1dac258fe0679b63f38ec9cc1542a1"}, "471": {"filename": "b00d0b2995e63c139af45ccb50868087", "name": "b00d0b2995e63c139af45ccb50868087", "metadata": "b00d0b2995e63c139af45ccb50868087"}, "472": {"filename": "5e0197328f4f179ed037a3047d2544e4", "name": "5e0197328f4f179ed037a3047d2544e4", "metadata": "5e0197328f4f179ed037a3047d2544e4"}, "473": {"filename": "ef883851650a40e7d7d929fd3e82249f", "name": "ef883851650a40e7d7d929fd3e82249f", "metadata": "ef883851650a40e7d7d929fd3e82249f"}, "474": {"filename": "84534aae29a21d2629512db6f1fb0f3e", "name": "84534aae29a21d2629512db6f1fb0f3e", "metadata": "84534aae29a21d2629512db6f1fb0f3e"}, "475": {"filename": "e65a192928e3cdb719d4a18280334579", "name": "e65a192928e3cdb719d4a18280334579", "metadata": "e65a192928e3cdb719d4a18280334579"}, "476": {"filename": "28e683dbdea8b891b3813768b2bb995b", "name": "28e683dbdea8b891b3813768b2bb995b", "metadata": "28e683dbdea8b891b3813768b2bb995b"}, "477": {"filename": "672301d1b095fe2b9a4549fff9077ade", "name": "672301d1b095fe2b9a4549fff9077ade", "metadata": "672301d1b095fe2b9a4549fff9077ade"}, "478": {"filename": "93225d0794b53b210107390142897910", "name": "93225d0794b53b210107390142897910", "metadata": "93225d0794b53b210107390142897910"}, "479": {"filename": "c9b93a3f317608417d52f01c331b29b3", "name": "c9b93a3f317608417d52f01c331b29b3", "metadata": "c9b93a3f317608417d52f01c331b29b3"}, "480": {"filename": "4f93ae663e15c27f5c9aa1b3e172f029", "name": "4f93ae663e15c27f5c9aa1b3e172f029", "metadata": "4f93ae663e15c27f5c9aa1b3e172f029"}, "481": {"filename": "76cb5b2aaa00d30ba25eb6e82bba8fa9", "name": "76cb5b2aaa00d30ba25eb6e82bba8fa9", "metadata": "76cb5b2aaa00d30ba25eb6e82bba8fa9"}, "482": {"filename": "2c92e695fb3ce8044b9cde1edc1050bf", "name": "2c92e695fb3ce8044b9cde1edc1050bf", "metadata": "2c92e695fb3ce8044b9cde1edc1050bf"}}, "manifest_path": ".sbt.colistin_training/colistin_training.manifest.csv"}