{"d": 2, "version": 6, "index_type": "SBT", "storage": {"backend": "FSStorage", "args": {"path": ".sbt.moxifloxacin_training"}}, "factory": {"class": "GraphFactory", "args": [1, 100000.0, 4]}, "nodes": {"0": {"filename": "internal.0", "name": "internal.0", "metadata": {"min_n_below": 2047}}, "1": {"filename": "internal.1", "name": "internal.1", "metadata": {"min_n_below": 2048}}, "2": {"filename": "internal.2", "name": "internal.2", "metadata": {"min_n_below": 2047}}, "3": {"filename": "internal.3", "name": "internal.3", "metadata": {"min_n_below": 2048}}, "4": {"filename": "internal.4", "name": "internal.4", "metadata": {"min_n_below": 2049}}, "5": {"filename": "internal.5", "name": "internal.5", "metadata": {"min_n_below": 2047}}, "6": {"filename": "internal.6", "name": "internal.6", "metadata": {"min_n_below": 2094}}, "7": {"filename": "internal.7", "name": "internal.7", "metadata": {"min_n_below": 2048}}, "8": {"filename": "internal.8", "name": "internal.8", "metadata": {"min_n_below": 5035}}}, "signatures": {"9": {"filename": "d51e5b7a3ba35528b9dbc1aa37820ab5", "name": "d51e5b7a3ba35528b9dbc1aa37820ab5", "metadata": "d51e5b7a3ba35528b9dbc1aa37820ab5"}, "10": {"filename": "aae54c662fae498b4d78f74a0c8104c7", "name": "aae54c662fae498b4d78f74a0c8104c7", "metadata": "aae54c662fae498b4d78f74a0c8104c7"}, "11": {"filename": "7e163d16d86a6b120b315ae3b2404ba7", "name": "7e163d16d86a6b120b315ae3b2404ba7", "metadata": "7e163d16d86a6b120b315ae3b2404ba7"}, "12": {"filename": "ec9169fc42c1906c0ef00c90fb75bf70", "name": "ec9169fc42c1906c0ef00c90fb75bf70", "metadata": "ec9169fc42c1906c0ef00c90fb75bf70"}, "13": {"filename": "94f1f3f863af4e59cd1834d20d0a5c93", "name": "94f1f3f863af4e59cd1834d20d0a5c93", "metadata": "94f1f3f863af4e59cd1834d20d0a5c93"}, "14": {"filename": "4770f1d5cfe9ba643db66ea9b0d08c08", "name": "4770f1d5cfe9ba643db66ea9b0d08c08", "metadata": "4770f1d5cfe9ba643db66ea9b0d08c08"}, "15": {"filename": "c23f9f49148229e0eaba9081ec802110", "name": "c23f9f49148229e0eaba9081ec802110", "metadata": "c23f9f49148229e0eaba9081ec802110"}, "16": {"filename": "99317eee05e30981ffb5651d8e46672c", "name": "99317eee05e30981ffb5651d8e46672c", "metadata": "99317eee05e30981ffb5651d8e46672c"}, "17": {"filename": "4de5f07ffb040b0ca2e32b4cad89997c", "name": "4de5f07ffb040b0ca2e32b4cad89997c", "metadata": "4de5f07ffb040b0ca2e32b4cad89997c"}, "18": {"filename": "cf43b787c7dfae6864e6f874c2444451", "name": "cf43b787c7dfae6864e6f874c2444451", "metadata": "cf43b787c7dfae6864e6f874c2444451"}}, "manifest_path": ".sbt.moxifloxacin_training/moxifloxacin_training.manifest.csv"}