# SOURMASH-MANIFEST-VERSION: 1.0
internal_location,md5,md5short,ksize,moltype,num,scaled,n_hashes,with_abundance,name,filename
7db073cfb9a17370f6693101690bf8fa,7db073cfb9a17370f6693101690bf8fa,7db073cf,31,DNA,0,1000,3964,False,,470.7367.fna
ad9ab386bac2d38d7c2b2d4377e7bd70,ad9ab386bac2d38d7c2b2d4377e7bd70,ad9ab386,31,DNA,0,1000,4080,False,,470.9037.fna
5ce12d629c2b5fe1546bd2762d92f748,5ce12d629c2b5fe1546bd2762d92f748,5ce12d62,31,DNA,0,1000,4182,False,,470.2436.fna
864a83408d69ba4a4dbfba865f1c469a,864a83408d69ba4a4dbfba865f1c469a,864a8340,31,DNA,0,1000,3962,False,,470.9038.fna
ad8c088d7d8fb70a6d8f7fdc9335dffd,ad8c088d7d8fb70a6d8f7fdc9335dffd,ad8c088d,31,DNA,0,1000,3947,False,,470.7368.fna
4b911a50688fc63111c32527b917ba7d,4b911a50688fc63111c32527b917ba7d,4b911a50,31,DNA,0,1000,3839,False,,470.9039.fna
32ba178640b1d4db57cb202a01838766,32ba178640b1d4db57cb202a01838766,32ba1786,31,DNA,0,1000,3853,False,,470.2163.fna
888aeef27b6a8e19bdc56e6937adfd1e,888aeef27b6a8e19bdc56e6937adfd1e,888aeef2,31,DNA,0,1000,3739,False,,470.9041.fna
606e4a1965845efabc29cf43456b4319,606e4a1965845efabc29cf43456b4319,606e4a19,31,DNA,0,1000,3934,False,,470.7369.fna
e12a5b5a779149aa5579dc8f8813f308,e12a5b5a779149aa5579dc8f8813f308,e12a5b5a,31,DNA,0,1000,3768,False,,470.9042.fna
c093c5e8ecee2b4e8be8ab5f064d2fe7,c093c5e8ecee2b4e8be8ab5f064d2fe7,c093c5e8,31,DNA,0,1000,4010,False,,470.2437.fna
84eb0a96732639bd69f928967057d583,84eb0a96732639bd69f928967057d583,84eb0a96,31,DNA,0,1000,4009,False,,470.9043.fna
6061cb4cdb7a99629a8b01605fa0ba51,6061cb4cdb7a99629a8b01605fa0ba51,6061cb4c,31,DNA,0,1000,4180,False,,470.736.fna
3d88939a906914d038eceeb26d75c5e3,3d88939a906914d038eceeb26d75c5e3,3d88939a,31,DNA,0,1000,3990,False,,470.9044.fna
bfeba362fe03867c27deb3a7e98d6df1,bfeba362fe03867c27deb3a7e98d6df1,bfeba362,31,DNA,0,1000,4026,False,,1841507.3.fna
4055c854ac3234de78ec91c4ae1ef4c1,4055c854ac3234de78ec91c4ae1ef4c1,4055c854,31,DNA,0,1000,3835,False,,470.9045.fna
606e4a1965845efabc29cf43456b4319_0,606e4a1965845efabc29cf43456b4319,606e4a19,31,DNA,0,1000,3934,False,,470.7371.fna
cb328573beb22237ccaf92d3294df0db,cb328573beb22237ccaf92d3294df0db,cb328573,31,DNA,0,1000,3883,False,,470.9046.fna
9bd5c69192002f15c2129abf8bfca136,9bd5c69192002f15c2129abf8bfca136,9bd5c691,31,DNA,0,1000,3961,False,,470.2843.fna
420c9c7b8ba56e952190af4beb6dc314,420c9c7b8ba56e952190af4beb6dc314,420c9c7b,31,DNA,0,1000,4006,False,,470.9047.fna
606e4a1965845efabc29cf43456b4319_1,606e4a1965845efabc29cf43456b4319,606e4a19,31,DNA,0,1000,3934,False,,470.7372.fna
73a1970ab90b4ae06e0b0b55d0906ef6,73a1970ab90b4ae06e0b0b55d0906ef6,73a1970a,31,DNA,0,1000,3986,False,,470.9048.fna
fa3cae94899ee1ddefd93a3e069c4c99,fa3cae94899ee1ddefd93a3e069c4c99,fa3cae94,31,DNA,0,1000,4215,False,,470.2165.fna
4096af14cd365005d1297b792b15e69e,4096af14cd365005d1297b792b15e69e,4096af14,31,DNA,0,1000,4142,False,,470.9049.fna
ad8c088d7d8fb70a6d8f7fdc9335dffd_0,ad8c088d7d8fb70a6d8f7fdc9335dffd,ad8c088d,31,DNA,0,1000,3947,False,,470.7373.fna
cb24d38b1fdbdcb7a231af4f112d8a81,cb24d38b1fdbdcb7a231af4f112d8a81,cb24d38b,31,DNA,0,1000,3895,False,,470.9051.fna
2503f40e2de4c11e307d8d2e24b56f2e,2503f40e2de4c11e307d8d2e24b56f2e,2503f40e,31,DNA,0,1000,3979,False,,470.2844.fna
7bbd5bcd9aa4a266376c61393210042d,7bbd5bcd9aa4a266376c61393210042d,7bbd5bcd,31,DNA,0,1000,4051,False,,470.9052.fna
63681aca4cab966debab6eece7465128,63681aca4cab966debab6eece7465128,63681aca,31,DNA,0,1000,3925,False,,470.7374.fna
a9a1d349a77f63e463f56e679201e4c9,a9a1d349a77f63e463f56e679201e4c9,a9a1d349,31,DNA,0,1000,3801,False,,470.9053.fna
5a903bdbb1a1fd480677ef13f84f9cdf,5a903bdbb1a1fd480677ef13f84f9cdf,5a903bdb,31,DNA,0,1000,3905,False,,470.2155.fna
ad7afba91f42ea15d11fa191287df5cf,ad7afba91f42ea15d11fa191287df5cf,ad7afba9,31,DNA,0,1000,4039,False,,470.9054.fna
f5f1b46a3072b629e9285efc574ed6b9,f5f1b46a3072b629e9285efc574ed6b9,f5f1b46a,31,DNA,0,1000,3943,False,,470.7375.fna
c50bb9829cfb0c12d8df2f838083a13f,c50bb9829cfb0c12d8df2f838083a13f,c50bb982,31,DNA,0,1000,3966,False,,470.9055.fna
2784cb5493c4be0de4919199a2cb2366,2784cb5493c4be0de4919199a2cb2366,2784cb54,31,DNA,0,1000,4033,False,,470.2845.fna
3338e6d52678e0b1eaf7b10aeb24f5c9,3338e6d52678e0b1eaf7b10aeb24f5c9,3338e6d5,31,DNA,0,1000,3773,False,,470.9056.fna
355e5ea8c6181c4cf8e39c3a995937e8,355e5ea8c6181c4cf8e39c3a995937e8,355e5ea8,31,DNA,0,1000,4074,False,,470.7376.fna
b480a1a2ca2dc0d1b9c10245a6f80a34,b480a1a2ca2dc0d1b9c10245a6f80a34,b480a1a2,31,DNA,0,1000,4496,False,,470.9057.fna
6e624c1b6c64d8bb0404348164d44fc3,6e624c1b6c64d8bb0404348164d44fc3,6e624c1b,31,DNA,0,1000,4006,False,,470.2166.fna
6bb31de8befd6db5d1caffb0094663c1,6bb31de8befd6db5d1caffb0094663c1,6bb31de8,31,DNA,0,1000,3873,False,,470.9058.fna
4e9663284d23c7b269d22325f94b9dc3,4e9663284d23c7b269d22325f94b9dc3,4e966328,31,DNA,0,1000,4090,False,,470.7377.fna
77fcd174c1e51c57abe869810b732109,77fcd174c1e51c57abe869810b732109,77fcd174,31,DNA,0,1000,3970,False,,470.9059.fna
3a311f4486a5919a9d9f3130112ee455,3a311f4486a5919a9d9f3130112ee455,3a311f44,31,DNA,0,1000,4040,False,,470.2846.fna
61ba951e175eecb1e290ca898d15d12d,61ba951e175eecb1e290ca898d15d12d,61ba951e,31,DNA,0,1000,3860,False,,470.9061.fna
bf27d1bfb0fd8f320672cec32ee4cd50,bf27d1bfb0fd8f320672cec32ee4cd50,bf27d1bf,31,DNA,0,1000,4173,False,,470.7378.fna
c313eaebd76f109909061ee20d3e0ab8,c313eaebd76f109909061ee20d3e0ab8,c313eaeb,31,DNA,0,1000,3920,False,,470.9062.fna
8b7e5fe745a1e1c4ba8e891a1acd52f8,8b7e5fe745a1e1c4ba8e891a1acd52f8,8b7e5fe7,31,DNA,0,1000,3988,False,,470.1564.fna
161a77d38547441fda163a0a87221135,161a77d38547441fda163a0a87221135,161a77d3,31,DNA,0,1000,3673,False,,470.9063.fna
b0b7abd5babec5f20e47b171aa6a9e6f,b0b7abd5babec5f20e47b171aa6a9e6f,b0b7abd5,31,DNA,0,1000,4173,False,,470.7379.fna
d2ec62ab3ad1c33a99f5ff2d3477ff37,d2ec62ab3ad1c33a99f5ff2d3477ff37,d2ec62ab,31,DNA,0,1000,3897,False,,470.9064.fna
7bc63b9bbbe41cce41743e0f799abe20,7bc63b9bbbe41cce41743e0f799abe20,7bc63b9b,31,DNA,0,1000,3906,False,,470.2847.fna
96e36b1798e12c0208dcf6c461f2895f,96e36b1798e12c0208dcf6c461f2895f,96e36b17,31,DNA,0,1000,3864,False,,470.9065.fna
9685dcaa66997bf585bae58ba89b83ca,9685dcaa66997bf585bae58ba89b83ca,9685dcaa,31,DNA,0,1000,3830,False,,470.737.fna
5beb8e30de1a94db656ff60a921e5d0c,5beb8e30de1a94db656ff60a921e5d0c,5beb8e30,31,DNA,0,1000,3914,False,,470.9066.fna
95d2c3bb4ac243e2b879d2d26e223384,95d2c3bb4ac243e2b879d2d26e223384,95d2c3bb,31,DNA,0,1000,3840,False,,470.2167.fna
36626a5e3770ecfa4791e76c0a5f8af8,36626a5e3770ecfa4791e76c0a5f8af8,36626a5e,31,DNA,0,1000,3975,False,,470.9067.fna
6b01d27f6ce11a2fd94f2461465d25b4,6b01d27f6ce11a2fd94f2461465d25b4,6b01d27f,31,DNA,0,1000,3784,False,,470.7381.fna
2f8c60ac96cb4fbdc30db8d2a5524701,2f8c60ac96cb4fbdc30db8d2a5524701,2f8c60ac,31,DNA,0,1000,4273,False,,470.9068.fna
b7f5167035a735f0c9743cbb4f6c3bf7,b7f5167035a735f0c9743cbb4f6c3bf7,b7f51670,31,DNA,0,1000,4148,False,,470.3764.fna
b9bf6c34d2afac8360818aa9513c10b7,b9bf6c34d2afac8360818aa9513c10b7,b9bf6c34,31,DNA,0,1000,3788,False,,470.9069.fna
7cc1f9e7b78517108a130fe33d989c7e,7cc1f9e7b78517108a130fe33d989c7e,7cc1f9e7,31,DNA,0,1000,4050,False,,470.7382.fna
4f388afa6b5d8d7f2ff44c8043f8cb9a,4f388afa6b5d8d7f2ff44c8043f8cb9a,4f388afa,31,DNA,0,1000,3914,False,,470.9071.fna
3b6552f9986abb7c4c12a1626493c6c0,3b6552f9986abb7c4c12a1626493c6c0,3b6552f9,31,DNA,0,1000,3793,False,,470.2156.fna
14e3da2f3593d8d510e29da083901391,14e3da2f3593d8d510e29da083901391,14e3da2f,31,DNA,0,1000,3708,False,,470.9072.fna
8f7bd0c0cb8f305d2ada8076c01699c7,8f7bd0c0cb8f305d2ada8076c01699c7,8f7bd0c0,31,DNA,0,1000,4153,False,,470.7383.fna
79571b94eabab1e023f39465532da6f3,79571b94eabab1e023f39465532da6f3,79571b94,31,DNA,0,1000,3667,False,,470.9073.fna
057569fcd2d46b283bb6633bae6184ab,057569fcd2d46b283bb6633bae6184ab,057569fc,31,DNA,0,1000,3866,False,,470.3765.fna
e6d248330f71fc9e5358136dc996e72b,e6d248330f71fc9e5358136dc996e72b,e6d24833,31,DNA,0,1000,3704,False,,470.9074.fna
df28bbe04b889e80cf592fa65fb0208f,df28bbe04b889e80cf592fa65fb0208f,df28bbe0,31,DNA,0,1000,3980,False,,470.7384.fna
bd45ffddaf7062f41bf9cc59479396e0,bd45ffddaf7062f41bf9cc59479396e0,bd45ffdd,31,DNA,0,1000,4113,False,,470.9075.fna
f38ec151f2236c9da483e23e4a14b139,f38ec151f2236c9da483e23e4a14b139,f38ec151,31,DNA,0,1000,3884,False,,470.2168.fna
2a275bcb41e3bb1ebb4508009202c469,2a275bcb41e3bb1ebb4508009202c469,2a275bcb,31,DNA,0,1000,3608,False,,470.9076.fna
5699f4f70d8966c903bc6f84a2f7de10,5699f4f70d8966c903bc6f84a2f7de10,5699f4f7,31,DNA,0,1000,4037,False,,470.7385.fna
fea301575bfedef7c5b01cc6b796c090,fea301575bfedef7c5b01cc6b796c090,fea30157,31,DNA,0,1000,3825,False,,470.9077.fna
ee7231ae3fe5ac6762f2dc3061411b4c,ee7231ae3fe5ac6762f2dc3061411b4c,ee7231ae,31,DNA,0,1000,4023,False,,470.3766.fna
d457d647e7411f58a5ed9ae360cf9127,d457d647e7411f58a5ed9ae360cf9127,d457d647,31,DNA,0,1000,3858,False,,470.9078.fna
d24780120a10b64e162c4c6f8347f9d4,d24780120a10b64e162c4c6f8347f9d4,d2478012,31,DNA,0,1000,4091,False,,470.7386.fna
721f89ce1759c30439ea676245cbac5f,721f89ce1759c30439ea676245cbac5f,721f89ce,31,DNA,0,1000,3853,False,,470.9079.fna
81ce845f40ce6117d8250b3fcb7126b3,81ce845f40ce6117d8250b3fcb7126b3,81ce845f,31,DNA,0,1000,3916,False,,470.1562.fna
2729debe07ddb44a6f0b0a14c6797d23,2729debe07ddb44a6f0b0a14c6797d23,2729debe,31,DNA,0,1000,4007,False,,470.9081.fna
3b0e7df5d1988ebe3e72512f5d101f53,3b0e7df5d1988ebe3e72512f5d101f53,3b0e7df5,31,DNA,0,1000,3766,False,,470.7387.fna
3062361e937b1a2a5e8626ab8fff0e5b,3062361e937b1a2a5e8626ab8fff0e5b,3062361e,31,DNA,0,1000,3888,False,,470.9082.fna
a4b904bf98d127012c8496542d83214b,a4b904bf98d127012c8496542d83214b,a4b904bf,31,DNA,0,1000,4031,False,,470.3767.fna
37414965af1a5df0a0fa0aaaa616b3f2,37414965af1a5df0a0fa0aaaa616b3f2,37414965,31,DNA,0,1000,3948,False,,470.9083.fna
388ca391a927d8949cc44e6dce2444ed,388ca391a927d8949cc44e6dce2444ed,388ca391,31,DNA,0,1000,3955,False,,470.7388.fna
dfb12a5c752d7bad66abde32a67e85d2,dfb12a5c752d7bad66abde32a67e85d2,dfb12a5c,31,DNA,0,1000,3868,False,,470.9084.fna
875414d91d231e03e0b6ee07669f3e7d,875414d91d231e03e0b6ee07669f3e7d,875414d9,31,DNA,0,1000,4008,False,,470.2425.fna
5d808c5d8b0e9291ea760ba773ca9895,5d808c5d8b0e9291ea760ba773ca9895,5d808c5d,31,DNA,0,1000,3961,False,,470.9085.fna
434717156c4e4b2b3ff57e8dda108fbe,434717156c4e4b2b3ff57e8dda108fbe,43471715,31,DNA,0,1000,3866,False,,470.7389.fna
823315c74b7ba176993c3fb140495c4e,823315c74b7ba176993c3fb140495c4e,823315c7,31,DNA,0,1000,3796,False,,470.9086.fna
f02f0d9fb19b6e39fd64ffffc5d0438f,f02f0d9fb19b6e39fd64ffffc5d0438f,f02f0d9f,31,DNA,0,1000,3844,False,,470.3768.fna
f3cd494dc680661a44a84f80fd8d95e4,f3cd494dc680661a44a84f80fd8d95e4,f3cd494d,31,DNA,0,1000,3955,False,,470.9087.fna
890d86b93d865b7849459564f43b338c,890d86b93d865b7849459564f43b338c,890d86b9,31,DNA,0,1000,4074,False,,470.7391.fna
9b888545e9badef1766855ca61283b0b,9b888545e9badef1766855ca61283b0b,9b888545,31,DNA,0,1000,3803,False,,470.9088.fna
e002402a4efccdb85eb085bb13e533d5,e002402a4efccdb85eb085bb13e533d5,e002402a,31,DNA,0,1000,3764,False,,470.2157.fna
9cb668c36cf9b43cd082402c358e0dad,9cb668c36cf9b43cd082402c358e0dad,9cb668c3,31,DNA,0,1000,3859,False,,470.9089.fna
14a669b0432b16060c0aabf1f31025f7,14a669b0432b16060c0aabf1f31025f7,14a669b0,31,DNA,0,1000,3551,False,,470.7392.fna
befe527c3eb11be1160713ef70037891,befe527c3eb11be1160713ef70037891,befe527c,31,DNA,0,1000,3915,False,,470.9091.fna
bb04daa51733f754b0d5af1f2d14889c,bb04daa51733f754b0d5af1f2d14889c,bb04daa5,31,DNA,0,1000,3961,False,,470.3769.fna
4080f06104e30fa688ac9c5f8cf4e997,4080f06104e30fa688ac9c5f8cf4e997,4080f061,31,DNA,0,1000,3768,False,,470.9092.fna
0a69bad575301b78c4d52e115fd52959,0a69bad575301b78c4d52e115fd52959,0a69bad5,31,DNA,0,1000,3575,False,,470.7393.fna
5056990388f60be6b89688697da07a1f,5056990388f60be6b89688697da07a1f,50569903,31,DNA,0,1000,3972,False,,470.9093.fna
7e0aa92e0d01934dcc744381d1c0a39a,7e0aa92e0d01934dcc744381d1c0a39a,7e0aa92e,31,DNA,0,1000,3955,False,,470.2426.fna
888a0868eac2104f4ad60a43e26f9bd4,888a0868eac2104f4ad60a43e26f9bd4,888a0868,31,DNA,0,1000,3821,False,,470.9094.fna
43dc87525babc2fb9275fd67fc60e986,43dc87525babc2fb9275fd67fc60e986,43dc8752,31,DNA,0,1000,3715,False,,470.7394.fna
da3a8f616d602e83d0bbe906521a9929,da3a8f616d602e83d0bbe906521a9929,da3a8f61,31,DNA,0,1000,3895,False,,470.9095.fna
8df33d6414eab8620dd7ed9135f65189,8df33d6414eab8620dd7ed9135f65189,8df33d64,31,DNA,0,1000,3952,False,,470.3771.fna
b9d047d6ee424943573b19759dc8069c,b9d047d6ee424943573b19759dc8069c,b9d047d6,31,DNA,0,1000,3817,False,,470.9096.fna
805b93fbf2ff262c241fed6705e6cb48,805b93fbf2ff262c241fed6705e6cb48,805b93fb,31,DNA,0,1000,4012,False,,470.7395.fna
d6eede26267749b85a848d401d394649,d6eede26267749b85a848d401d394649,d6eede26,31,DNA,0,1000,4020,False,,470.9097.fna
806e0f515aaf86897c592bc35b83d0a3,806e0f515aaf86897c592bc35b83d0a3,806e0f51,31,DNA,0,1000,3917,False,,470.1565.fna
4c0592f3549045bf27df5b338f76045f,4c0592f3549045bf27df5b338f76045f,4c0592f3,31,DNA,0,1000,3930,False,,470.9098.fna
c92e4bf82b19cc5901d11ab4308880fe,c92e4bf82b19cc5901d11ab4308880fe,c92e4bf8,31,DNA,0,1000,3844,False,,470.7396.fna
ff2833b8a15415df1a0b55baa1433f3a,ff2833b8a15415df1a0b55baa1433f3a,ff2833b8,31,DNA,0,1000,4166,False,,470.9099.fna
4487ae988fe9aa49d24f5df073c7f94e,4487ae988fe9aa49d24f5df073c7f94e,4487ae98,31,DNA,0,1000,3999,False,,470.3772.fna
68dca95783512a2da5eeb7cbc0969d2f,68dca95783512a2da5eeb7cbc0969d2f,68dca957,31,DNA,0,1000,3863,False,,470.9101.fna
39d76c7cd613dec20aa219477d7744a4,39d76c7cd613dec20aa219477d7744a4,39d76c7c,31,DNA,0,1000,3942,False,,470.7397.fna
266909ca1d322dfd5b12b30d504d8771,266909ca1d322dfd5b12b30d504d8771,266909ca,31,DNA,0,1000,3958,False,,470.9102.fna
cad3a96f6b750808a1f29179d7b080c3,cad3a96f6b750808a1f29179d7b080c3,cad3a96f,31,DNA,0,1000,3820,False,,470.2427.fna
eed043985d085003af06fa9aeb77c268,eed043985d085003af06fa9aeb77c268,eed04398,31,DNA,0,1000,3825,False,,470.9103.fna
da0eba1de8aea8db0e01d150e6b76418,da0eba1de8aea8db0e01d150e6b76418,da0eba1d,31,DNA,0,1000,4029,False,,470.7398.fna
05ad6bead5e8d5ccbd3b367843ac3436,05ad6bead5e8d5ccbd3b367843ac3436,05ad6bea,31,DNA,0,1000,3948,False,,470.9104.fna
333549981e1ef2d7962a02894b578880,333549981e1ef2d7962a02894b578880,33354998,31,DNA,0,1000,3947,False,,470.7351.fna
b179414d6f0b3d09a75d4f9346b4a844,b179414d6f0b3d09a75d4f9346b4a844,b179414d,31,DNA,0,1000,3876,False,,470.9105.fna
953427a0529339b8eef867839b10ea62,953427a0529339b8eef867839b10ea62,953427a0,31,DNA,0,1000,4424,False,,470.7399.fna
a19ae660ddcc43e613352576e7c42548,a19ae660ddcc43e613352576e7c42548,a19ae660,31,DNA,0,1000,3893,False,,470.9106.fna
1e685f454949256e2f4212c8bd84d217,1e685f454949256e2f4212c8bd84d217,1e685f45,31,DNA,0,1000,3721,False,,470.2158.fna
0c872bdb9b4ea614e1b66413017127c4,0c872bdb9b4ea614e1b66413017127c4,0c872bdb,31,DNA,0,1000,4208,False,,470.9107.fna
e5c7cfc398b737e3fca933d83244f0c9,e5c7cfc398b737e3fca933d83244f0c9,e5c7cfc3,31,DNA,0,1000,4160,False,,470.739.fna
0e09fdde4531eda0bf6d3342613c41c2,0e09fdde4531eda0bf6d3342613c41c2,0e09fdde,31,DNA,0,1000,3741,False,,470.9108.fna
94d49161459d164d0a0f7e14613a1db0,94d49161459d164d0a0f7e14613a1db0,94d49161,31,DNA,0,1000,3948,False,,470.7352.fna
94a8bae5fe4cb4fcec5241107ff8900c,94a8bae5fe4cb4fcec5241107ff8900c,94a8bae5,31,DNA,0,1000,4234,False,,470.9109.fna
174003d6a219d627ce47d024709e1397,174003d6a219d627ce47d024709e1397,174003d6,31,DNA,0,1000,3933,False,,470.7401.fna
a126e64c5125633d6ee8a6bc41a7216b,a126e64c5125633d6ee8a6bc41a7216b,a126e64c,31,DNA,0,1000,3792,False,,470.9111.fna
e3cfc6d7f593722283050129f254d282,e3cfc6d7f593722283050129f254d282,e3cfc6d7,31,DNA,0,1000,4044,False,,470.2428.fna
56c4819a8a0be0d0e004c1f89e3a4103,56c4819a8a0be0d0e004c1f89e3a4103,56c4819a,31,DNA,0,1000,4007,False,,470.9112.fna
db9f7148581348c0d8484c5f249cf134,db9f7148581348c0d8484c5f249cf134,db9f7148,31,DNA,0,1000,3928,False,,470.7402.fna
702000e19f50648802e394784fd5bdf0,702000e19f50648802e394784fd5bdf0,702000e1,31,DNA,0,1000,3839,False,,470.9113.fna
ac14a25f2dd66d0c1b02a2ca1f96fdbd,ac14a25f2dd66d0c1b02a2ca1f96fdbd,ac14a25f,31,DNA,0,1000,3949,False,,470.7353.fna
b7e342a90a9f6bf3e9cadaac1000f6c4,b7e342a90a9f6bf3e9cadaac1000f6c4,b7e342a9,31,DNA,0,1000,4053,False,,470.9114.fna
928c9ea8bb98ab8d4b8900052a7d3b5f,928c9ea8bb98ab8d4b8900052a7d3b5f,928c9ea8,31,DNA,0,1000,4109,False,,470.7403.fna
f8c3c8d8abd35a66fbca951f07b62ddf,f8c3c8d8abd35a66fbca951f07b62ddf,f8c3c8d8,31,DNA,0,1000,3853,False,,470.9115.fna
70a702b629d5cfc078593438bc2862d6,70a702b629d5cfc078593438bc2862d6,70a702b6,31,DNA,0,1000,3914,False,,470.1561.fna
44dbab3af28b6539d630a7e5048834b3,44dbab3af28b6539d630a7e5048834b3,44dbab3a,31,DNA,0,1000,3917,False,,470.9116.fna
22c3e30ce6041201521b72b6cb28845a,22c3e30ce6041201521b72b6cb28845a,22c3e30c,31,DNA,0,1000,3858,False,,470.7404.fna
e57df836cc38ca1ae542d8531229b51e,e57df836cc38ca1ae542d8531229b51e,e57df836,31,DNA,0,1000,4111,False,,470.9117.fna
94d49161459d164d0a0f7e14613a1db0_0,94d49161459d164d0a0f7e14613a1db0,94d49161,31,DNA,0,1000,3948,False,,470.7354.fna
da7d922176abc274132a1f871e68941f,da7d922176abc274132a1f871e68941f,da7d9221,31,DNA,0,1000,3901,False,,470.9118.fna
396aef1a8032d34082a90f2d7251ef74,396aef1a8032d34082a90f2d7251ef74,396aef1a,31,DNA,0,1000,4037,False,,470.7405.fna
f24bc4218203a28c3bedd2d3e5300dd3,f24bc4218203a28c3bedd2d3e5300dd3,f24bc421,31,DNA,0,1000,4124,False,,470.9121.fna
1068ab238fb07dc66fc839c26a9f15e1,1068ab238fb07dc66fc839c26a9f15e1,1068ab23,31,DNA,0,1000,3852,False,,470.2429.fna
2972bedfa173b69765a060bc276528d5,2972bedfa173b69765a060bc276528d5,2972bedf,31,DNA,0,1000,4061,False,,470.9341.fna
b183d11046a53779d77430075283acf5,b183d11046a53779d77430075283acf5,b183d110,31,DNA,0,1000,4086,False,,470.7406.fna
7d219e702d1dea6e23b30647a314561e,7d219e702d1dea6e23b30647a314561e,7d219e70,31,DNA,0,1000,4016,False,,470.9342.fna
94d49161459d164d0a0f7e14613a1db0_1,94d49161459d164d0a0f7e14613a1db0,94d49161,31,DNA,0,1000,3948,False,,470.7355.fna
ed0771afc976579fc7b5476de6b29080,ed0771afc976579fc7b5476de6b29080,ed0771af,31,DNA,0,1000,4179,False,,470.9343.fna
5455c542d729d604b3fc670b4eb79425,5455c542d729d604b3fc670b4eb79425,5455c542,31,DNA,0,1000,3989,False,,470.7407.fna
d1a9de34e2ee8b9efe8c53ba2eee81a5,d1a9de34e2ee8b9efe8c53ba2eee81a5,d1a9de34,31,DNA,0,1000,4386,False,,470.9344.fna
ffd29a8cf6a3b5304640d667771d5126,ffd29a8cf6a3b5304640d667771d5126,ffd29a8c,31,DNA,0,1000,3955,False,,470.2159.fna
fc1c69970f36aa4848402b890336cfc1,fc1c69970f36aa4848402b890336cfc1,fc1c6997,31,DNA,0,1000,3953,False,,470.9345.fna
62cd95895a499d5d4fb85550924b9fe1,62cd95895a499d5d4fb85550924b9fe1,62cd9589,31,DNA,0,1000,3961,False,,470.7408.fna
87162ed47dc716057644368f7b670113,87162ed47dc716057644368f7b670113,87162ed4,31,DNA,0,1000,4027,False,,470.9346.fna
b6065a8a7a576d0edc305d0dcf9e021b,b6065a8a7a576d0edc305d0dcf9e021b,b6065a8a,31,DNA,0,1000,3947,False,,470.7356.fna
cd6abb60cc53f6247b591e421883342d,cd6abb60cc53f6247b591e421883342d,cd6abb60,31,DNA,0,1000,3903,False,,470.9347.fna
8f5019edf2af62afd1e3fe63146348a6,8f5019edf2af62afd1e3fe63146348a6,8f5019ed,31,DNA,0,1000,3921,False,,470.7409.fna
25f59e4cf05cf4653d7a1c58790a7d12,25f59e4cf05cf4653d7a1c58790a7d12,25f59e4c,31,DNA,0,1000,4060,False,,470.9348.fna
60932a78dba19dabd582ebf3f865c899,60932a78dba19dabd582ebf3f865c899,60932a78,31,DNA,0,1000,3816,False,,470.2431.fna
42e60a732ca40f2aef1b56abe0d2f596,42e60a732ca40f2aef1b56abe0d2f596,42e60a73,31,DNA,0,1000,5479,False,,54291.261.fna
3f45ec2922b7824613f5711a8beef5fd,3f45ec2922b7824613f5711a8beef5fd,3f45ec29,31,DNA,0,1000,3875,False,,470.7411.fna
123b38183481fbfe62dfcce1651b23b1,123b38183481fbfe62dfcce1651b23b1,123b3818,31,DNA,0,1000,5499,False,,54291.262.fna
2341981b0b0802f327435de5541ec3da,2341981b0b0802f327435de5541ec3da,2341981b,31,DNA,0,1000,4014,False,,470.7357.fna
6476609be2faa6483d106cfe438ad52b,6476609be2faa6483d106cfe438ad52b,6476609b,31,DNA,0,1000,5763,False,,573.25568.fna
e5e88849dd108e0bc294840ac2c6f3f7,e5e88849dd108e0bc294840ac2c6f3f7,e5e88849,31,DNA,0,1000,3902,False,,470.7412.fna
bfef63b2668dbd5ebad4d24a5eb8559c,bfef63b2668dbd5ebad4d24a5eb8559c,bfef63b2,31,DNA,0,1000,5766,False,,573.25569.fna
6b415f946d330a1d878d001669a64be4,6b415f946d330a1d878d001669a64be4,6b415f94,31,DNA,0,1000,4149,False,,470.2142.fna
5737409432fdc4dfe181edb8282d17b3,5737409432fdc4dfe181edb8282d17b3,57374094,31,DNA,0,1000,5341,False,,573.31032.fna
822fa5a1821e1eb45d65e48988ccc18c,822fa5a1821e1eb45d65e48988ccc18c,822fa5a1,31,DNA,0,1000,3916,False,,470.7413.fna
f3e308280af9fba2a022695fd4193d7d,f3e308280af9fba2a022695fd4193d7d,f3e30828,31,DNA,0,1000,5303,False,,573.31035.fna
e5df4d1d62d83dc67fb3db6486717ea9,e5df4d1d62d83dc67fb3db6486717ea9,e5df4d1d,31,DNA,0,1000,3990,False,,470.7358.fna
a0ffa89d54157e326bc48cfa566043ef,a0ffa89d54157e326bc48cfa566043ef,a0ffa89d,31,DNA,0,1000,5379,False,,573.31036.fna
785003f2ad99de65aaf0770e83fa89a5,785003f2ad99de65aaf0770e83fa89a5,785003f2,31,DNA,0,1000,3887,False,,470.741.fna
bda609615db500d366e087a174802d4c,bda609615db500d366e087a174802d4c,bda60961,31,DNA,0,1000,5470,False,,573.32131.fna
3a161006b74a4b063fe2484be9ec73c1,3a161006b74a4b063fe2484be9ec73c1,3a161006,31,DNA,0,1000,3759,False,,470.2432.fna
7bc887d3705f24e91c82faa490b5298b,7bc887d3705f24e91c82faa490b5298b,7bc887d3,31,DNA,0,1000,5518,False,,573.32132.fna
f6579bf3b4d2da372960f1cb2116c5a1,f6579bf3b4d2da372960f1cb2116c5a1,f6579bf3,31,DNA,0,1000,4017,False,,470.9021.fna
6174df9d832ff98cc5853926915d431a,6174df9d832ff98cc5853926915d431a,6174df9d,31,DNA,0,1000,5467,False,,573.32133.fna
891b1b7ca6cd98eb0c198e6fab6a5bd4,891b1b7ca6cd98eb0c198e6fab6a5bd4,891b1b7c,31,DNA,0,1000,3975,False,,470.7359.fna
6b847819adf0872e95954d94977a4e7f,6b847819adf0872e95954d94977a4e7f,6b847819,31,DNA,0,1000,5349,False,,573.32134.fna
463a67ed5ad739197b7549baae22a34f,463a67ed5ad739197b7549baae22a34f,463a67ed,31,DNA,0,1000,4044,False,,470.9022.fna
f287c9e01a96e81382f1d7e8ddbb6760,f287c9e01a96e81382f1d7e8ddbb6760,f287c9e0,31,DNA,0,1000,5425,False,,573.32135.fna
c7fcc696f077ad307fbda71bf65c0979,c7fcc696f077ad307fbda71bf65c0979,c7fcc696,31,DNA,0,1000,4138,False,,470.2161.fna
9c79a56eff3df7e6fdbac889cfa30323,9c79a56eff3df7e6fdbac889cfa30323,9c79a56e,31,DNA,0,1000,5475,False,,573.32136.fna
8dfb14c8893669683f24affa6136ee93,8dfb14c8893669683f24affa6136ee93,8dfb14c8,31,DNA,0,1000,3890,False,,470.9023.fna
2a718b397a9393461a3cc27b80af010d,2a718b397a9393461a3cc27b80af010d,2a718b39,31,DNA,0,1000,5927,False,,573.32137.fna
94d49161459d164d0a0f7e14613a1db0_2,94d49161459d164d0a0f7e14613a1db0,94d49161,31,DNA,0,1000,3948,False,,470.7361.fna
9d16338a1ad715e828a8c5d3ea73c7d3,9d16338a1ad715e828a8c5d3ea73c7d3,9d16338a,31,DNA,0,1000,5369,False,,573.32138.fna
76a046829dc5254c11068091ac9cf2de,76a046829dc5254c11068091ac9cf2de,76a04682,31,DNA,0,1000,3870,False,,470.9024.fna
f91c0951737123af81086f394eee1d2e,f91c0951737123af81086f394eee1d2e,f91c0951,31,DNA,0,1000,5282,False,,573.32139.fna
1d53752b913656a4981ea94cc9a5b7c9,1d53752b913656a4981ea94cc9a5b7c9,1d53752b,31,DNA,0,1000,3802,False,,470.2433.fna
402d7807b8690b12b26713a9eef6082e,402d7807b8690b12b26713a9eef6082e,402d7807,31,DNA,0,1000,5523,False,,573.32339.fna
acb69f6fb81fb866efde0fe961715c02,acb69f6fb81fb866efde0fe961715c02,acb69f6f,31,DNA,0,1000,3647,False,,470.9025.fna
5cbf0a750863e5cdfba50ceba82bf72f,5cbf0a750863e5cdfba50ceba82bf72f,5cbf0a75,31,DNA,0,1000,5659,False,,573.5623.fna
94d49161459d164d0a0f7e14613a1db0_3,94d49161459d164d0a0f7e14613a1db0,94d49161,31,DNA,0,1000,3948,False,,470.7362.fna
bae2518d70e54c4c7c16f6860917060e,bae2518d70e54c4c7c16f6860917060e,bae2518d,31,DNA,0,1000,5857,False,,573.5624.fna
88369aa786bc3827943ae46998e29fec,88369aa786bc3827943ae46998e29fec,88369aa7,31,DNA,0,1000,3921,False,,470.9026.fna
4d423a9397df59a9ae814ce5c3b59f19,4d423a9397df59a9ae814ce5c3b59f19,4d423a93,31,DNA,0,1000,5716,False,,573.5636.fna
7907dbd560bb92f2d90b880dccf5ebe8,7907dbd560bb92f2d90b880dccf5ebe8,7907dbd5,31,DNA,0,1000,3989,False,,470.1563.fna
06f4bb12548fc941e2bca17e6b3e6b1a,06f4bb12548fc941e2bca17e6b3e6b1a,06f4bb12,31,DNA,0,1000,5741,False,,573.5638.fna
305f0e54e563c16f1994d2b0d2e4a90f,305f0e54e563c16f1994d2b0d2e4a90f,305f0e54,31,DNA,0,1000,3848,False,,470.9027.fna
1871c66baad99b3c51aab741cf16d0fa,1871c66baad99b3c51aab741cf16d0fa,1871c66b,31,DNA,0,1000,5757,False,,573.5644.fna
b6065a8a7a576d0edc305d0dcf9e021b_0,b6065a8a7a576d0edc305d0dcf9e021b,b6065a8a,31,DNA,0,1000,3947,False,,470.7363.fna
079c4aa281d89ea9b26279af201f36ed,079c4aa281d89ea9b26279af201f36ed,079c4aa2,31,DNA,0,1000,5871,False,,573.5645.fna
5fc89d8f01e02220e1fe4f86073211b6,5fc89d8f01e02220e1fe4f86073211b6,5fc89d8f,31,DNA,0,1000,3942,False,,470.9028.fna
a0ee21648f3ca07d4635c74d49643b7c,a0ee21648f3ca07d4635c74d49643b7c,a0ee2164,31,DNA,0,1000,5830,False,,573.5646.fna
28a322da10f7872714d9e9614853b139,28a322da10f7872714d9e9614853b139,28a322da,31,DNA,0,1000,3788,False,,470.2434.fna
66cc68c815709849982af7542a78235e,66cc68c815709849982af7542a78235e,66cc68c8,31,DNA,0,1000,5846,False,,573.5647.fna
26e882a87090c4f7f515c9f1f35d9504,26e882a87090c4f7f515c9f1f35d9504,26e882a8,31,DNA,0,1000,3745,False,,470.9029.fna
9cd9bf7e248b44998857d9f54e3daff6,9cd9bf7e248b44998857d9f54e3daff6,9cd9bf7e,31,DNA,0,1000,5598,False,,573.5763.fna
94d49161459d164d0a0f7e14613a1db0_4,94d49161459d164d0a0f7e14613a1db0,94d49161,31,DNA,0,1000,3948,False,,470.7364.fna
bb13703ad2fd84c66b73e9ad2ddcf735,bb13703ad2fd84c66b73e9ad2ddcf735,bb13703a,31,DNA,0,1000,5603,False,,573.5764.fna
e456db262dc1a16abe7376409129ef55,e456db262dc1a16abe7376409129ef55,e456db26,31,DNA,0,1000,3725,False,,470.9031.fna
02fdfc19cda2e2df087fbd298b79ddbf,02fdfc19cda2e2df087fbd298b79ddbf,02fdfc19,31,DNA,0,1000,5711,False,,573.5765.fna
0170aa439d8d720698938d362e419e48,0170aa439d8d720698938d362e419e48,0170aa43,31,DNA,0,1000,4176,False,,470.2162.fna
5bda5691d000a6e0afe79e170b9a1d75,5bda5691d000a6e0afe79e170b9a1d75,5bda5691,31,DNA,0,1000,5641,False,,573.5766.fna
241b5aa408f483b47847e353762c08f6,241b5aa408f483b47847e353762c08f6,241b5aa4,31,DNA,0,1000,4058,False,,470.9032.fna
50d05b3852724093317183c3d0203b1f,50d05b3852724093317183c3d0203b1f,50d05b38,31,DNA,0,1000,5643,False,,573.5767.fna
d9dd2e5dee5056773eafe4682206848c,d9dd2e5dee5056773eafe4682206848c,d9dd2e5d,31,DNA,0,1000,3956,False,,470.7365.fna
dbb938b097aa41b874e1dcc7549b184a,dbb938b097aa41b874e1dcc7549b184a,dbb938b0,31,DNA,0,1000,5580,False,,573.5768.fna
0a335a5f590cc79509e7da8e5a3577af,0a335a5f590cc79509e7da8e5a3577af,0a335a5f,31,DNA,0,1000,4013,False,,470.9033.fna
8a1dac258fe0679b63f38ec9cc1542a1,8a1dac258fe0679b63f38ec9cc1542a1,8a1dac25,31,DNA,0,1000,5686,False,,573.5769.fna
b00d0b2995e63c139af45ccb50868087,b00d0b2995e63c139af45ccb50868087,b00d0b29,31,DNA,0,1000,3904,False,,470.2435.fna
5e0197328f4f179ed037a3047d2544e4,5e0197328f4f179ed037a3047d2544e4,5e019732,31,DNA,0,1000,5605,False,,573.5777.fna
ef883851650a40e7d7d929fd3e82249f,ef883851650a40e7d7d929fd3e82249f,ef883851,31,DNA,0,1000,3926,False,,470.9034.fna
84534aae29a21d2629512db6f1fb0f3e,84534aae29a21d2629512db6f1fb0f3e,84534aae,31,DNA,0,1000,5570,False,,573.5778.fna
e65a192928e3cdb719d4a18280334579,e65a192928e3cdb719d4a18280334579,e65a1929,31,DNA,0,1000,3947,False,,470.7366.fna
28e683dbdea8b891b3813768b2bb995b,28e683dbdea8b891b3813768b2bb995b,28e683db,31,DNA,0,1000,5458,False,,573.5779.fna
672301d1b095fe2b9a4549fff9077ade,672301d1b095fe2b9a4549fff9077ade,672301d1,31,DNA,0,1000,3983,False,,470.9035.fna
93225d0794b53b210107390142897910,93225d0794b53b210107390142897910,93225d07,31,DNA,0,1000,5664,False,,573.5781.fna
c9b93a3f317608417d52f01c331b29b3,c9b93a3f317608417d52f01c331b29b3,c9b93a3f,31,DNA,0,1000,4114,False,,470.2143.fna
4f93ae663e15c27f5c9aa1b3e172f029,4f93ae663e15c27f5c9aa1b3e172f029,4f93ae66,31,DNA,0,1000,4704,False,,587.259.fna
76cb5b2aaa00d30ba25eb6e82bba8fa9,76cb5b2aaa00d30ba25eb6e82bba8fa9,76cb5b2a,31,DNA,0,1000,3853,False,,470.9036.fna
2c92e695fb3ce8044b9cde1edc1050bf,2c92e695fb3ce8044b9cde1edc1050bf,2c92e695,31,DNA,0,1000,4950,False,,623.305.fna
