# SOURMASH-MANIFEST-VERSION: 1.0
internal_location,md5,md5short,ksize,moltype,num,scaled,n_hashes,with_abundance,name,filename
d51e5b7a3ba35528b9dbc1aa37820ab5,d51e5b7a3ba35528b9dbc1aa37820ab5,d51e5b7a,31,DNA,0,1000,2049,False,,1311.2529.fna
aae54c662fae498b4d78f74a0c8104c7,aae54c662fae498b4d78f74a0c8104c7,aae54c66,31,DNA,0,1000,5434,False,,573.24321.fna
7e163d16d86a6b120b315ae3b2404ba7,7e163d16d86a6b120b315ae3b2404ba7,7e163d16,31,DNA,0,1000,2047,False,,1311.2528.fna
ec9169fc42c1906c0ef00c90fb75bf70,ec9169fc42c1906c0ef00c90fb75bf70,ec9169fc,31,DNA,0,1000,5629,False,,573.24322.fna
94f1f3f863af4e59cd1834d20d0a5c93,94f1f3f863af4e59cd1834d20d0a5c93,94f1f3f8,31,DNA,0,1000,2094,False,,1311.253.fna
4770f1d5cfe9ba643db66ea9b0d08c08,4770f1d5cfe9ba643db66ea9b0d08c08,4770f1d5,31,DNA,0,1000,5681,False,,573.24323.fna
c23f9f49148229e0eaba9081ec802110,c23f9f49148229e0eaba9081ec802110,c23f9f49,31,DNA,0,1000,2048,False,,1311.2527.fna
99317eee05e30981ffb5651d8e46672c,99317eee05e30981ffb5651d8e46672c,99317eee,31,DNA,0,1000,5632,False,,573.24324.fna
4de5f07ffb040b0ca2e32b4cad89997c,4de5f07ffb040b0ca2e32b4cad89997c,4de5f07f,31,DNA,0,1000,5035,False,,562.50247.fna
cf43b787c7dfae6864e6f874c2444451,cf43b787c7dfae6864e6f874c2444451,cf43b787,31,DNA,0,1000,5571,False,,573.24325.fna
