# SOURMASH-MANIFEST-VERSION: 1.0
internal_location,md5,md5short,ksize,moltype,num,scaled,n_hashes,with_abundance,name,filename
e36b3e1ac732a3a7635dd3184c44e5da,e36b3e1ac732a3a7635dd3184c44e5da,e36b3e1a,31,DNA,0,1000,5344,False,,573.31029.fna
f287c9e01a96e81382f1d7e8ddbb6760,f287c9e01a96e81382f1d7e8ddbb6760,f287c9e0,31,DNA,0,1000,5425,False,,573.32135.fna
a0ffa89d54157e326bc48cfa566043ef,a0ffa89d54157e326bc48cfa566043ef,a0ffa89d,31,DNA,0,1000,5379,False,,573.31036.fna
9c79a56eff3df7e6fdbac889cfa30323,9c79a56eff3df7e6fdbac889cfa30323,9c79a56e,31,DNA,0,1000,5475,False,,573.32136.fna
5737409432fdc4dfe181edb8282d17b3,5737409432fdc4dfe181edb8282d17b3,57374094,31,DNA,0,1000,5341,False,,573.31032.fna
2a718b397a9393461a3cc27b80af010d,2a718b397a9393461a3cc27b80af010d,2a718b39,31,DNA,0,1000,5927,False,,573.32137.fna
ba56587daa868bd10ccbd2ac7bffe552,ba56587daa868bd10ccbd2ac7bffe552,ba56587d,31,DNA,0,1000,5296,False,,573.31038.fna
9d16338a1ad715e828a8c5d3ea73c7d3,9d16338a1ad715e828a8c5d3ea73c7d3,9d16338a,31,DNA,0,1000,5369,False,,573.32138.fna
9baa059dff86d80d185deae2a18946db,9baa059dff86d80d185deae2a18946db,9baa059d,31,DNA,0,1000,5148,False,,562.42751.fna
f91c0951737123af81086f394eee1d2e,f91c0951737123af81086f394eee1d2e,f91c0951,31,DNA,0,1000,5282,False,,573.32139.fna
bda609615db500d366e087a174802d4c,bda609615db500d366e087a174802d4c,bda60961,31,DNA,0,1000,5470,False,,573.32131.fna
402d7807b8690b12b26713a9eef6082e,402d7807b8690b12b26713a9eef6082e,402d7807,31,DNA,0,1000,5523,False,,573.32339.fna
d87dc4afe61496abad9dad38a87db8fe,d87dc4afe61496abad9dad38a87db8fe,d87dc4af,31,DNA,0,1000,5265,False,,573.31034.fna
4f93ae663e15c27f5c9aa1b3e172f029,4f93ae663e15c27f5c9aa1b3e172f029,4f93ae66,31,DNA,0,1000,4704,False,,587.259.fna
7bc887d3705f24e91c82faa490b5298b,7bc887d3705f24e91c82faa490b5298b,7bc887d3,31,DNA,0,1000,5518,False,,573.32132.fna
eaf1990a4710c51a3d9aa17d9896d9fc,eaf1990a4710c51a3d9aa17d9896d9fc,eaf1990a,31,DNA,0,1000,5838,False,,72407.1435.fna
1b4d20729163b15f089d82edfc22eb93,1b4d20729163b15f089d82edfc22eb93,1b4d2072,31,DNA,0,1000,5197,False,,573.31031.fna
0830d93732048da0d8b928a7085f850c,0830d93732048da0d8b928a7085f850c,0830d937,31,DNA,0,1000,5330,False,,72407.1436.fna
6174df9d832ff98cc5853926915d431a,6174df9d832ff98cc5853926915d431a,6174df9d,31,DNA,0,1000,5467,False,,573.32133.fna
fb2b83c5b04d8e430df6c91be039dcce,fb2b83c5b04d8e430df6c91be039dcce,fb2b83c5,31,DNA,0,1000,5432,False,,72407.1437.fna
f3e308280af9fba2a022695fd4193d7d,f3e308280af9fba2a022695fd4193d7d,f3e30828,31,DNA,0,1000,5303,False,,573.31035.fna
5dd9953c0129f99cbf4d3c8e291f0669,5dd9953c0129f99cbf4d3c8e291f0669,5dd9953c,31,DNA,0,1000,5386,False,,72407.1438.fna
6b847819adf0872e95954d94977a4e7f,6b847819adf0872e95954d94977a4e7f,6b847819,31,DNA,0,1000,5349,False,,573.32134.fna
418619ebf52a8049499489b4b2929b12,418619ebf52a8049499489b4b2929b12,418619eb,31,DNA,0,1000,5399,False,,72407.1439.fna
