{"d": 2, "version": 6, "index_type": "SBT", "storage": {"backend": "FSStorage", "args": {"path": ".sbt.amoxicillin_training"}}, "factory": {"class": "GraphFactory", "args": [1, 100000.0, 4]}, "nodes": {"0": {"filename": "internal.0", "name": "internal.0", "metadata": {"min_n_below": 1919}}, "1": {"filename": "internal.1", "name": "internal.1", "metadata": {"min_n_below": 1980}}, "2": {"filename": "internal.2", "name": "internal.2", "metadata": {"min_n_below": 1919}}, "3": {"filename": "internal.3", "name": "internal.3", "metadata": {"min_n_below": 1980}}, "4": {"filename": "internal.4", "name": "internal.4", "metadata": {"min_n_below": 2000}}, "5": {"filename": "internal.5", "name": "internal.5", "metadata": {"min_n_below": 1993}}, "6": {"filename": "internal.6", "name": "internal.6", "metadata": {"min_n_below": 1919}}, "7": {"filename": "internal.7", "name": "internal.7", "metadata": {"min_n_below": 1980}}, "8": {"filename": "internal.8", "name": "internal.8", "metadata": {"min_n_below": 2030}}, "9": {"filename": "internal.9", "name": "internal.9", "metadata": {"min_n_below": 2046}}, "10": {"filename": "internal.10", "name": "internal.10", "metadata": {"min_n_below": 2000}}, "11": {"filename": "internal.11", "name": "internal.11", "metadata": {"min_n_below": 1993}}, "12": {"filename": "internal.12", "name": "internal.12", "metadata": {"min_n_below": 2014}}, "13": {"filename": "internal.13", "name": "internal.13", "metadata": {"min_n_below": 2035}}, "14": {"filename": "internal.14", "name": "internal.14", "metadata": {"min_n_below": 1919}}, "15": {"filename": "internal.15", "name": "internal.15", "metadata": {"min_n_below": 1980}}, "16": {"filename": "internal.16", "name": "internal.16", "metadata": {"min_n_below": 1987}}, "17": {"filename": "internal.17", "name": "internal.17", "metadata": {"min_n_below": 2047}}, "18": {"filename": "internal.18", "name": "internal.18", "metadata": {"min_n_below": 2030}}, "19": {"filename": "internal.19", "name": "internal.19", "metadata": {"min_n_below": 2060}}, "20": {"filename": "internal.20", "name": "internal.20", "metadata": {"min_n_below": 2046}}, "21": {"filename": "internal.21", "name": "internal.21", "metadata": {"min_n_below": 2058}}, "22": {"filename": "internal.22", "name": "internal.22", "metadata": {"min_n_below": 2000}}, "23": {"filename": "internal.23", "name": "internal.23", "metadata": {"min_n_below": 1993}}, "24": {"filename": "internal.24", "name": "internal.24", "metadata": {"min_n_below": 1998}}, "25": {"filename": "internal.25", "name": "internal.25", "metadata": {"min_n_below": 2014}}, "26": {"filename": "internal.26", "name": "internal.26", "metadata": {"min_n_below": 2021}}, "27": {"filename": "internal.27", "name": "internal.27", "metadata": {"min_n_below": 2035}}, "28": {"filename": "internal.28", "name": "internal.28", "metadata": {"min_n_below": 2036}}, "29": {"filename": "internal.29", "name": "internal.29", "metadata": {"min_n_below": 2033}}, "30": {"filename": "internal.30", "name": "internal.30", "metadata": {"min_n_below": 1919}}, "31": {"filename": "internal.31", "name": "internal.31", "metadata": {"min_n_below": 1980}}, "32": {"filename": "internal.32", "name": "internal.32", "metadata": {"min_n_below": 2006}}, "33": {"filename": "internal.33", "name": "internal.33", "metadata": {"min_n_below": 2062}}, "34": {"filename": "internal.34", "name": "internal.34", "metadata": {"min_n_below": 1987}}, "35": {"filename": "internal.35", "name": "internal.35", "metadata": {"min_n_below": 2086}}, "36": {"filename": "internal.36", "name": "internal.36", "metadata": {"min_n_below": 2047}}, "37": {"filename": "internal.37", "name": "internal.37", "metadata": {"min_n_below": 2152}}, "38": {"filename": "internal.38", "name": "internal.38", "metadata": {"min_n_below": 2030}}, "39": {"filename": "internal.39", "name": "internal.39", "metadata": {"min_n_below": 2060}}, "40": {"filename": "internal.40", "name": "internal.40", "metadata": {"min_n_below": 2068}}, "41": {"filename": "internal.41", "name": "internal.41", "metadata": {"min_n_below": 2046}}, "42": {"filename": "internal.42", "name": "internal.42", "metadata": {"min_n_below": 2067}}, "43": {"filename": "internal.43", "name": "internal.43", "metadata": {"min_n_below": 2091}}, "44": {"filename": "internal.44", "name": "internal.44", "metadata": {"min_n_below": 2058}}, "45": {"filename": "internal.45", "name": "internal.45", "metadata": {"min_n_below": 2004}}, "46": {"filename": "internal.46", "name": "internal.46", "metadata": {"min_n_below": 2000}}, "47": {"filename": "internal.47", "name": "internal.47", "metadata": {"min_n_below": 1993}}, "48": {"filename": "internal.48", "name": "internal.48", "metadata": {"min_n_below": 2070}}, "49": {"filename": "internal.49", "name": "internal.49", "metadata": {"min_n_below": 2023}}, "50": {"filename": "internal.50", "name": "internal.50", "metadata": {"min_n_below": 1998}}, "51": {"filename": "internal.51", "name": "internal.51", "metadata": {"min_n_below": 2014}}, "52": {"filename": "internal.52", "name": "internal.52", "metadata": {"min_n_below": 2018}}, "53": {"filename": "internal.53", "name": "internal.53", "metadata": {"min_n_below": 2021}}, "54": {"filename": "internal.54", "name": "internal.54", "metadata": {"min_n_below": 2063}}, "55": {"filename": "internal.55", "name": "internal.55", "metadata": {"min_n_below": 2035}}, "56": {"filename": "internal.56", "name": "internal.56", "metadata": {"min_n_below": 2063}}, "57": {"filename": "internal.57", "name": "internal.57", "metadata": {"min_n_below": 2044}}, "58": {"filename": "internal.58", "name": "internal.58", "metadata": {"min_n_below": 2036}}, "59": {"filename": "internal.59", "name": "internal.59", "metadata": {"min_n_below": 2102}}, "60": {"filename": "internal.60", "name": "internal.60", "metadata": {"min_n_below": 2033}}, "61": {"filename": "internal.61", "name": "internal.61", "metadata": {"min_n_below": 2037}}, "62": {"filename": "internal.62", "name": "internal.62", "metadata": {"min_n_below": 1919}}, "63": {"filename": "internal.63", "name": "internal.63", "metadata": {"min_n_below": 2017}}, "64": {"filename": "internal.64", "name": "internal.64", "metadata": {"min_n_below": 1980}}, "65": {"filename": "internal.65", "name": "internal.65", "metadata": {"min_n_below": 2066}}, "66": {"filename": "internal.66", "name": "internal.66", "metadata": {"min_n_below": 2006}}, "67": {"filename": "internal.67", "name": "internal.67", "metadata": {"min_n_below": 2062}}, "68": {"filename": "internal.68", "name": "internal.68", "metadata": {"min_n_below": 2095}}, "69": {"filename": "internal.69", "name": "internal.69", "metadata": {"min_n_below": 1987}}, "70": {"filename": "internal.70", "name": "internal.70", "metadata": {"min_n_below": 2060}}, "71": {"filename": "internal.71", "name": "internal.71", "metadata": {"min_n_below": 2086}}, "72": {"filename": "internal.72", "name": "internal.72", "metadata": {"min_n_below": 2116}}, "73": {"filename": "internal.73", "name": "internal.73", "metadata": {"min_n_below": 2047}}, "74": {"filename": "internal.74", "name": "internal.74", "metadata": {"min_n_below": 2074}}, "75": {"filename": "internal.75", "name": "internal.75", "metadata": {"min_n_below": 2167}}, "76": {"filename": "internal.76", "name": "internal.76", "metadata": {"min_n_below": 2152}}, "77": {"filename": "internal.77", "name": "internal.77", "metadata": {"min_n_below": 2075}}, "78": {"filename": "internal.78", "name": "internal.78", "metadata": {"min_n_below": 2030}}, "79": {"filename": "internal.79", "name": "internal.79", "metadata": {"min_n_below": 2100}}, "80": {"filename": "internal.80", "name": "internal.80", "metadata": {"min_n_below": 2060}}, "81": {"filename": "internal.81", "name": "internal.81", "metadata": {"min_n_below": 2076}}, "82": {"filename": "internal.82", "name": "internal.82", "metadata": {"min_n_below": 2068}}, "83": {"filename": "internal.83", "name": "internal.83", "metadata": {"min_n_below": 2046}}, "84": {"filename": "internal.84", "name": "internal.84", "metadata": {"min_n_below": 2086}}, "85": {"filename": "internal.85", "name": "internal.85", "metadata": {"min_n_below": 2082}}, "86": {"filename": "internal.86", "name": "internal.86", "metadata": {"min_n_below": 2067}}, "87": {"filename": "internal.87", "name": "internal.87", "metadata": {"min_n_below": 2101}}, "88": {"filename": "internal.88", "name": "internal.88", "metadata": {"min_n_below": 2091}}, "89": {"filename": "internal.89", "name": "internal.89", "metadata": {"min_n_below": 2058}}, "90": {"filename": "internal.90", "name": "internal.90", "metadata": {"min_n_below": 2088}}, "91": {"filename": "internal.91", "name": "internal.91", "metadata": {"min_n_below": 2049}}, "92": {"filename": "internal.92", "name": "internal.92", "metadata": {"min_n_below": 2004}}, "93": {"filename": "internal.93", "name": "internal.93", "metadata": {"min_n_below": 2000}}, "94": {"filename": "internal.94", "name": "internal.94", "metadata": {"min_n_below": 2101}}, "95": {"filename": "internal.95", "name": "internal.95", "metadata": {"min_n_below": 1993}}, "96": {"filename": "internal.96", "name": "internal.96", "metadata": {"min_n_below": 2070}}, "97": {"filename": "internal.97", "name": "internal.97", "metadata": {"min_n_below": 2070}}, "98": {"filename": "internal.98", "name": "internal.98", "metadata": {"min_n_below": 2076}}, "99": {"filename": "internal.99", "name": "internal.99", "metadata": {"min_n_below": 2033}}, "100": {"filename": "internal.100", "name": "internal.100", "metadata": {"min_n_below": 2023}}, "101": {"filename": "internal.101", "name": "internal.101", "metadata": {"min_n_below": 1998}}, "102": {"filename": "internal.102", "name": "internal.102", "metadata": {"min_n_below": 2028}}, "103": {"filename": "internal.103", "name": "internal.103", "metadata": {"min_n_below": 2014}}, "104": {"filename": "internal.104", "name": "internal.104", "metadata": {"min_n_below": 2019}}, "105": {"filename": "internal.105", "name": "internal.105", "metadata": {"min_n_below": 2025}}, "106": {"filename": "internal.106", "name": "internal.106", "metadata": {"min_n_below": 2018}}, "107": {"filename": "internal.107", "name": "internal.107", "metadata": {"min_n_below": 2021}}, "108": {"filename": "internal.108", "name": "internal.108", "metadata": {"min_n_below": 2061}}, "109": {"filename": "internal.109", "name": "internal.109", "metadata": {"min_n_below": 2067}}, "110": {"filename": "internal.110", "name": "internal.110", "metadata": {"min_n_below": 2063}}, "111": {"filename": "internal.111", "name": "internal.111", "metadata": {"min_n_below": 2035}}, "112": {"filename": "internal.112", "name": "internal.112", "metadata": {"min_n_below": 2091}}, "113": {"filename": "internal.113", "name": "internal.113", "metadata": {"min_n_below": 2063}}, "114": {"filename": "internal.114", "name": "internal.114", "metadata": {"min_n_below": 2082}}, "115": {"filename": "internal.115", "name": "internal.115", "metadata": {"min_n_below": 2044}}, "116": {"filename": "internal.116", "name": "internal.116", "metadata": {"min_n_below": 2109}}, "117": {"filename": "internal.117", "name": "internal.117", "metadata": {"min_n_below": 2036}}, "118": {"filename": "internal.118", "name": "internal.118", "metadata": {"min_n_below": 2075}}, "119": {"filename": "internal.119", "name": "internal.119", "metadata": {"min_n_below": 2122}}, "120": {"filename": "internal.120", "name": "internal.120", "metadata": {"min_n_below": 2102}}, "121": {"filename": "internal.121", "name": "internal.121", "metadata": {"min_n_below": 2033}}, "122": {"filename": "internal.122", "name": "internal.122", "metadata": {"min_n_below": 2058}}, "123": {"filename": "internal.123", "name": "internal.123", "metadata": {"min_n_below": 2062}}, "124": {"filename": "internal.124", "name": "internal.124", "metadata": {"min_n_below": 2037}}, "125": {"filename": "internal.125", "name": "internal.125", "metadata": {"min_n_below": 2102}}, "126": {"filename": "internal.126", "name": "internal.126", "metadata": {"min_n_below": 1919}}, "127": {"filename": "internal.127", "name": "internal.127", "metadata": {"min_n_below": 2017}}, "128": {"filename": "internal.128", "name": "internal.128", "metadata": {"min_n_below": 2078}}, "129": {"filename": "internal.129", "name": "internal.129", "metadata": {"min_n_below": 2056}}, "130": {"filename": "internal.130", "name": "internal.130", "metadata": {"min_n_below": 1980}}, "131": {"filename": "internal.131", "name": "internal.131", "metadata": {"min_n_below": 2066}}, "132": {"filename": "internal.132", "name": "internal.132", "metadata": {"min_n_below": 2140}}, "133": {"filename": "internal.133", "name": "internal.133", "metadata": {"min_n_below": 2006}}, "134": {"filename": "internal.134", "name": "internal.134", "metadata": {"min_n_below": 2038}}, "135": {"filename": "internal.135", "name": "internal.135", "metadata": {"min_n_below": 2062}}, "136": {"filename": "internal.136", "name": "internal.136", "metadata": {"min_n_below": 2130}}, "137": {"filename": "internal.137", "name": "internal.137", "metadata": {"min_n_below": 2095}}, "138": {"filename": "internal.138", "name": "internal.138", "metadata": {"min_n_below": 2116}}, "139": {"filename": "internal.139", "name": "internal.139", "metadata": {"min_n_below": 1987}}, "140": {"filename": "internal.140", "name": "internal.140", "metadata": {"min_n_below": 2033}}, "141": {"filename": "internal.141", "name": "internal.141", "metadata": {"min_n_below": 2060}}, "142": {"filename": "internal.142", "name": "internal.142", "metadata": {"min_n_below": 2084}}, "143": {"filename": "internal.143", "name": "internal.143", "metadata": {"min_n_below": 2106}}, "144": {"filename": "internal.144", "name": "internal.144", "metadata": {"min_n_below": 2086}}, "145": {"filename": "internal.145", "name": "internal.145", "metadata": {"min_n_below": 2116}}, "146": {"filename": "internal.146", "name": "internal.146", "metadata": {"min_n_below": 2118}}, "147": {"filename": "internal.147", "name": "internal.147", "metadata": {"min_n_below": 2062}}, "148": {"filename": "internal.148", "name": "internal.148", "metadata": {"min_n_below": 2047}}, "149": {"filename": "internal.149", "name": "internal.149", "metadata": {"min_n_below": 2091}}, "150": {"filename": "internal.150", "name": "internal.150", "metadata": {"min_n_below": 2074}}, "151": {"filename": "internal.151", "name": "internal.151", "metadata": {"min_n_below": 2194}}}, "signatures": {"152": {"filename": "4bd52a3498864f1061a5492a62681f5d", "name": "4bd52a3498864f1061a5492a62681f5d", "metadata": "4bd52a3498864f1061a5492a62681f5d"}, "153": {"filename": "63d93921d22e049a1bbca3961d430ac2", "name": "63d93921d22e049a1bbca3961d430ac2", "metadata": "63d93921d22e049a1bbca3961d430ac2"}, "154": {"filename": "5a1d422bb5f2b98eda5e889feb5a4f68", "name": "5a1d422bb5f2b98eda5e889feb5a4f68", "metadata": "5a1d422bb5f2b98eda5e889feb5a4f68"}, "155": {"filename": "33df4ed937c47368fa8b231671ba278c", "name": "33df4ed937c47368fa8b231671ba278c", "metadata": "33df4ed937c47368fa8b231671ba278c"}, "156": {"filename": "b411dfc35d70efa0da4abe91f94054b5", "name": "b411dfc35d70efa0da4abe91f94054b5", "metadata": "b411dfc35d70efa0da4abe91f94054b5"}, "157": {"filename": "c84cf5099ce7f3d8a7cb19824081e95c", "name": "c84cf5099ce7f3d8a7cb19824081e95c", "metadata": "c84cf5099ce7f3d8a7cb19824081e95c"}, "158": {"filename": "faf6b33512c9b63474d2fc945bcb8c44", "name": "faf6b33512c9b63474d2fc945bcb8c44", "metadata": "faf6b33512c9b63474d2fc945bcb8c44"}, "159": {"filename": "4a324265dbc795b788581b9cf4c53e3d", "name": "4a324265dbc795b788581b9cf4c53e3d", "metadata": "4a324265dbc795b788581b9cf4c53e3d"}, "160": {"filename": "00c3f79dd4288ee4da5a904482e95a3f", "name": "00c3f79dd4288ee4da5a904482e95a3f", "metadata": "00c3f79dd4288ee4da5a904482e95a3f"}, "161": {"filename": "f869db282f9d37e95678f4e0e83520bc", "name": "f869db282f9d37e95678f4e0e83520bc", "metadata": "f869db282f9d37e95678f4e0e83520bc"}, "162": {"filename": "e60a205c8c285bd62de41af1f78e1790", "name": "e60a205c8c285bd62de41af1f78e1790", "metadata": "e60a205c8c285bd62de41af1f78e1790"}, "163": {"filename": "7a74d6d277ae6561329db84e84078126", "name": "7a74d6d277ae6561329db84e84078126", "metadata": "7a74d6d277ae6561329db84e84078126"}, "164": {"filename": "6d0e188509d9032dda502d3f4a84a74f", "name": "6d0e188509d9032dda502d3f4a84a74f", "metadata": "6d0e188509d9032dda502d3f4a84a74f"}, "165": {"filename": "62fe16142218a4bc9bb038f04dbe394b", "name": "62fe16142218a4bc9bb038f04dbe394b", "metadata": "62fe16142218a4bc9bb038f04dbe394b"}, "166": {"filename": "745fe721393f974e08187a166ed00cd4", "name": "745fe721393f974e08187a166ed00cd4", "metadata": "745fe721393f974e08187a166ed00cd4"}, "167": {"filename": "b6000ce5e7b0ad9b8f18bdf16ccbb43f", "name": "b6000ce5e7b0ad9b8f18bdf16ccbb43f", "metadata": "b6000ce5e7b0ad9b8f18bdf16ccbb43f"}, "168": {"filename": "7d9f423616e326f549c00cb00052e17e", "name": "7d9f423616e326f549c00cb00052e17e", "metadata": "7d9f423616e326f549c00cb00052e17e"}, "169": {"filename": "9926adde6e9d7b4e078fccf170d5be0b", "name": "9926adde6e9d7b4e078fccf170d5be0b", "metadata": "9926adde6e9d7b4e078fccf170d5be0b"}, "170": {"filename": "b5ec06ad4f3db3ef746f99888c1a83f2", "name": "b5ec06ad4f3db3ef746f99888c1a83f2", "metadata": "b5ec06ad4f3db3ef746f99888c1a83f2"}, "171": {"filename": "1eea2c0394001f573f26811ff87a2b5f", "name": "1eea2c0394001f573f26811ff87a2b5f", "metadata": "1eea2c0394001f573f26811ff87a2b5f"}, "172": {"filename": "068a9e55165b8fde3f6656278802bcf0", "name": "068a9e55165b8fde3f6656278802bcf0", "metadata": "068a9e55165b8fde3f6656278802bcf0"}, "173": {"filename": "1229f48f4cff0ff2805c941bbbeca41b", "name": "1229f48f4cff0ff2805c941bbbeca41b", "metadata": "1229f48f4cff0ff2805c941bbbeca41b"}, "174": {"filename": "3acf950b2c3a53a5ecdc6d950e9a04ea", "name": "3acf950b2c3a53a5ecdc6d950e9a04ea", "metadata": "3acf950b2c3a53a5ecdc6d950e9a04ea"}, "175": {"filename": "09ec238a594ede21fef768c2d73f0836", "name": "09ec238a594ede21fef768c2d73f0836", "metadata": "09ec238a594ede21fef768c2d73f0836"}, "176": {"filename": "ece0918182bca06fcd01dda0e89ec499", "name": "ece0918182bca06fcd01dda0e89ec499", "metadata": "ece0918182bca06fcd01dda0e89ec499"}, "177": {"filename": "6b58159a9f964c130059c321c1923252", "name": "6b58159a9f964c130059c321c1923252", "metadata": "6b58159a9f964c130059c321c1923252"}, "178": {"filename": "505f7e71abd3a20767f85e432bfbd34b", "name": "505f7e71abd3a20767f85e432bfbd34b", "metadata": "505f7e71abd3a20767f85e432bfbd34b"}, "179": {"filename": "28d1ad3d28f7d5ae28cf965259583046", "name": "28d1ad3d28f7d5ae28cf965259583046", "metadata": "28d1ad3d28f7d5ae28cf965259583046"}, "180": {"filename": "31ae1ecbdbd82d52501b8bf4158d4d0d", "name": "31ae1ecbdbd82d52501b8bf4158d4d0d", "metadata": "31ae1ecbdbd82d52501b8bf4158d4d0d"}, "181": {"filename": "6132d1c1e7c0da335dfeb4680247f922", "name": "6132d1c1e7c0da335dfeb4680247f922", "metadata": "6132d1c1e7c0da335dfeb4680247f922"}, "182": {"filename": "b7e09c1f57abe1e76bf30d27d821d896", "name": "b7e09c1f57abe1e76bf30d27d821d896", "metadata": "b7e09c1f57abe1e76bf30d27d821d896"}, "183": {"filename": "a3e0c874c0148dd927a5b0de4aeebfc5", "name": "a3e0c874c0148dd927a5b0de4aeebfc5", "metadata": "a3e0c874c0148dd927a5b0de4aeebfc5"}, "184": {"filename": "360fd01b6814a5d59e323ea57081efa1", "name": "360fd01b6814a5d59e323ea57081efa1", "metadata": "360fd01b6814a5d59e323ea57081efa1"}, "185": {"filename": "5d70612559aab9cb4e4d88fd235b9610", "name": "5d70612559aab9cb4e4d88fd235b9610", "metadata": "5d70612559aab9cb4e4d88fd235b9610"}, "186": {"filename": "bc04ad8a494adb62eef1d876eb6900c2", "name": "bc04ad8a494adb62eef1d876eb6900c2", "metadata": "bc04ad8a494adb62eef1d876eb6900c2"}, "187": {"filename": "cff78e914015af959f7ce0c0b0042d1a", "name": "cff78e914015af959f7ce0c0b0042d1a", "metadata": "cff78e914015af959f7ce0c0b0042d1a"}, "188": {"filename": "a8a74e781ef0531bae91c3ad116fd888", "name": "a8a74e781ef0531bae91c3ad116fd888", "metadata": "a8a74e781ef0531bae91c3ad116fd888"}, "189": {"filename": "352609e6eb318a7afee44cfe14accd06", "name": "352609e6eb318a7afee44cfe14accd06", "metadata": "352609e6eb318a7afee44cfe14accd06"}, "190": {"filename": "edece8424a03bef7bef7894c902ddd1c", "name": "edece8424a03bef7bef7894c902ddd1c", "metadata": "edece8424a03bef7bef7894c902ddd1c"}, "191": {"filename": "42653b6c3695611321b0c4c3c003fb9d", "name": "42653b6c3695611321b0c4c3c003fb9d", "metadata": "42653b6c3695611321b0c4c3c003fb9d"}, "192": {"filename": "fc8e7be09c10047471ac18429cf2ae47", "name": "fc8e7be09c10047471ac18429cf2ae47", "metadata": "fc8e7be09c10047471ac18429cf2ae47"}, "193": {"filename": "3c77e8f8467f98eba8dde4d079f35db2", "name": "3c77e8f8467f98eba8dde4d079f35db2", "metadata": "3c77e8f8467f98eba8dde4d079f35db2"}, "194": {"filename": "6c85a7e8ae9679953cc4bf48a1cf4a8f", "name": "6c85a7e8ae9679953cc4bf48a1cf4a8f", "metadata": "6c85a7e8ae9679953cc4bf48a1cf4a8f"}, "195": {"filename": "db159b972bbb89c0d5031a937a9be80a", "name": "db159b972bbb89c0d5031a937a9be80a", "metadata": "db159b972bbb89c0d5031a937a9be80a"}, "196": {"filename": "dbab99b450bb9c500865c57add0c3ada", "name": "dbab99b450bb9c500865c57add0c3ada", "metadata": "dbab99b450bb9c500865c57add0c3ada"}, "197": {"filename": "d68e17c1cbb4fca3a7f128264b73d1bf", "name": "d68e17c1cbb4fca3a7f128264b73d1bf", "metadata": "d68e17c1cbb4fca3a7f128264b73d1bf"}, "198": {"filename": "a758d7d1deedd53bc9b82c0592131531", "name": "a758d7d1deedd53bc9b82c0592131531", "metadata": "a758d7d1deedd53bc9b82c0592131531"}, "199": {"filename": "355020c590c26def455194e67be6e9e3", "name": "355020c590c26def455194e67be6e9e3", "metadata": "355020c590c26def455194e67be6e9e3"}, "200": {"filename": "0cc0fe43dcfadfb85a54642899d8b55e", "name": "0cc0fe43dcfadfb85a54642899d8b55e", "metadata": "0cc0fe43dcfadfb85a54642899d8b55e"}, "201": {"filename": "b1b56a1e70c23c5857fead1ffa17c929", "name": "b1b56a1e70c23c5857fead1ffa17c929", "metadata": "b1b56a1e70c23c5857fead1ffa17c929"}, "202": {"filename": "fff5c3d18be5ac289cc77349d46284ac", "name": "fff5c3d18be5ac289cc77349d46284ac", "metadata": "fff5c3d18be5ac289cc77349d46284ac"}, "203": {"filename": "34fa1ab5f9cc2dc4ed96d124adce62bc", "name": "34fa1ab5f9cc2dc4ed96d124adce62bc", "metadata": "34fa1ab5f9cc2dc4ed96d124adce62bc"}, "204": {"filename": "c58ccb9ceeaa4493dcf90714efa52229", "name": "c58ccb9ceeaa4493dcf90714efa52229", "metadata": "c58ccb9ceeaa4493dcf90714efa52229"}, "205": {"filename": "b5bd028b084c14ec0d0a7b70c01d3c73", "name": "b5bd028b084c14ec0d0a7b70c01d3c73", "metadata": "b5bd028b084c14ec0d0a7b70c01d3c73"}, "206": {"filename": "1076612a4c9770083c7010e2ddde451c", "name": "1076612a4c9770083c7010e2ddde451c", "metadata": "1076612a4c9770083c7010e2ddde451c"}, "207": {"filename": "63085b29626c0ad1010205065d7b9ab3", "name": "63085b29626c0ad1010205065d7b9ab3", "metadata": "63085b29626c0ad1010205065d7b9ab3"}, "208": {"filename": "abc45c3b29acbcdc7fbbf4b0043013ce", "name": "abc45c3b29acbcdc7fbbf4b0043013ce", "metadata": "abc45c3b29acbcdc7fbbf4b0043013ce"}, "209": {"filename": "96312e64012a3f8e577a88490968ee5a", "name": "96312e64012a3f8e577a88490968ee5a", "metadata": "96312e64012a3f8e577a88490968ee5a"}, "210": {"filename": "2123f10deb935f92fc972d7927e5107c", "name": "2123f10deb935f92fc972d7927e5107c", "metadata": "2123f10deb935f92fc972d7927e5107c"}, "211": {"filename": "72bdd12636db5dfa7b8e2cff1f2d810c", "name": "72bdd12636db5dfa7b8e2cff1f2d810c", "metadata": "72bdd12636db5dfa7b8e2cff1f2d810c"}, "212": {"filename": "62fd495782c4222f3aa5a1e11788cb5d", "name": "62fd495782c4222f3aa5a1e11788cb5d", "metadata": "62fd495782c4222f3aa5a1e11788cb5d"}, "213": {"filename": "91f921f050b7de9c9da3528b3312982b", "name": "91f921f050b7de9c9da3528b3312982b", "metadata": "91f921f050b7de9c9da3528b3312982b"}, "214": {"filename": "1733626d2eaf5e60781a61501b5d767c", "name": "1733626d2eaf5e60781a61501b5d767c", "metadata": "1733626d2eaf5e60781a61501b5d767c"}, "215": {"filename": "9b1df0d2a46ec5845dce952766475b16", "name": "9b1df0d2a46ec5845dce952766475b16", "metadata": "9b1df0d2a46ec5845dce952766475b16"}, "216": {"filename": "1f50e304cb8519b2c1bc2ec451aabc90", "name": "1f50e304cb8519b2c1bc2ec451aabc90", "metadata": "1f50e304cb8519b2c1bc2ec451aabc90"}, "217": {"filename": "fce2cb11e941581239b7cb1e6a02729a", "name": "fce2cb11e941581239b7cb1e6a02729a", "metadata": "fce2cb11e941581239b7cb1e6a02729a"}, "218": {"filename": "e93a1aecab2ac5cb9239acf0f18b140d", "name": "e93a1aecab2ac5cb9239acf0f18b140d", "metadata": "e93a1aecab2ac5cb9239acf0f18b140d"}, "219": {"filename": "8c402356af997df45f28ca57f6165593", "name": "8c402356af997df45f28ca57f6165593", "metadata": "8c402356af997df45f28ca57f6165593"}, "220": {"filename": "de12c4695ff1a431b50bada121dfcae6", "name": "de12c4695ff1a431b50bada121dfcae6", "metadata": "de12c4695ff1a431b50bada121dfcae6"}, "221": {"filename": "09d50d99a5843e0cdd4e86ba803e5f3b", "name": "09d50d99a5843e0cdd4e86ba803e5f3b", "metadata": "09d50d99a5843e0cdd4e86ba803e5f3b"}, "222": {"filename": "c9d4e8b8e73f66344e6a00ac6287d0c4", "name": "c9d4e8b8e73f66344e6a00ac6287d0c4", "metadata": "c9d4e8b8e73f66344e6a00ac6287d0c4"}, "223": {"filename": "e7a05126f204ad5f0cc95323ffe55276", "name": "e7a05126f204ad5f0cc95323ffe55276", "metadata": "e7a05126f204ad5f0cc95323ffe55276"}, "224": {"filename": "2003fadcea42c114939bcb3610caf21d", "name": "2003fadcea42c114939bcb3610caf21d", "metadata": "2003fadcea42c114939bcb3610caf21d"}, "225": {"filename": "f427f4642232811cb901164e86cd470b", "name": "f427f4642232811cb901164e86cd470b", "metadata": "f427f4642232811cb901164e86cd470b"}, "226": {"filename": "1fde2efe0959e37f9bbf7f874de11a84", "name": "1fde2efe0959e37f9bbf7f874de11a84", "metadata": "1fde2efe0959e37f9bbf7f874de11a84"}, "227": {"filename": "be1f19daf289d0c9c34fd93eea8412bb", "name": "be1f19daf289d0c9c34fd93eea8412bb", "metadata": "be1f19daf289d0c9c34fd93eea8412bb"}, "228": {"filename": "5af1d958d3cf6f839228120aa984047b", "name": "5af1d958d3cf6f839228120aa984047b", "metadata": "5af1d958d3cf6f839228120aa984047b"}, "229": {"filename": "045008ba9e48e75edd914fc229aee711", "name": "045008ba9e48e75edd914fc229aee711", "metadata": "045008ba9e48e75edd914fc229aee711"}, "230": {"filename": "7f7c35559b162429aa15aa745ab4f084", "name": "7f7c35559b162429aa15aa745ab4f084", "metadata": "7f7c35559b162429aa15aa745ab4f084"}, "231": {"filename": "901f70cd954721013282c87d87f38d6b", "name": "901f70cd954721013282c87d87f38d6b", "metadata": "901f70cd954721013282c87d87f38d6b"}, "232": {"filename": "fd46cd444803ca0095345757492627c2", "name": "fd46cd444803ca0095345757492627c2", "metadata": "fd46cd444803ca0095345757492627c2"}, "233": {"filename": "55f7dc2a7f88c5860addf16d3e9d8e36", "name": "55f7dc2a7f88c5860addf16d3e9d8e36", "metadata": "55f7dc2a7f88c5860addf16d3e9d8e36"}, "234": {"filename": "1a3b4cf5046b13e57214f76a296e7f3a", "name": "1a3b4cf5046b13e57214f76a296e7f3a", "metadata": "1a3b4cf5046b13e57214f76a296e7f3a"}, "235": {"filename": "5df56a4331fd301118a4c5b0f925dbc4", "name": "5df56a4331fd301118a4c5b0f925dbc4", "metadata": "5df56a4331fd301118a4c5b0f925dbc4"}, "236": {"filename": "cde8e7a40fa4be617d86b6a9c69f62de", "name": "cde8e7a40fa4be617d86b6a9c69f62de", "metadata": "cde8e7a40fa4be617d86b6a9c69f62de"}, "237": {"filename": "d4127b2ee67a4cf24fed0fedb5a33391", "name": "d4127b2ee67a4cf24fed0fedb5a33391", "metadata": "d4127b2ee67a4cf24fed0fedb5a33391"}, "238": {"filename": "72ab2decdb4935cc6cd0a479b508bd75", "name": "72ab2decdb4935cc6cd0a479b508bd75", "metadata": "72ab2decdb4935cc6cd0a479b508bd75"}, "239": {"filename": "75e405ac4f0b08e4807f819dba7fef1a", "name": "75e405ac4f0b08e4807f819dba7fef1a", "metadata": "75e405ac4f0b08e4807f819dba7fef1a"}, "240": {"filename": "a6171865119b2c69e76f02f3b37d434c", "name": "a6171865119b2c69e76f02f3b37d434c", "metadata": "a6171865119b2c69e76f02f3b37d434c"}, "241": {"filename": "40e21b2b5ae7adebe2b8efbfa598cb29", "name": "40e21b2b5ae7adebe2b8efbfa598cb29", "metadata": "40e21b2b5ae7adebe2b8efbfa598cb29"}, "242": {"filename": "ca676fcef8ca535ae2a00ff88b1912f7", "name": "ca676fcef8ca535ae2a00ff88b1912f7", "metadata": "ca676fcef8ca535ae2a00ff88b1912f7"}, "243": {"filename": "92b0488f2a85835ac85d108c7f5a6bf8", "name": "92b0488f2a85835ac85d108c7f5a6bf8", "metadata": "92b0488f2a85835ac85d108c7f5a6bf8"}, "244": {"filename": "c567524a9546630172859407e5723bf4", "name": "c567524a9546630172859407e5723bf4", "metadata": "c567524a9546630172859407e5723bf4"}, "245": {"filename": "4c14485caeea175eb776247bc774286a", "name": "4c14485caeea175eb776247bc774286a", "metadata": "4c14485caeea175eb776247bc774286a"}, "246": {"filename": "6788c09584b9e726d92b4d44dab50ec7", "name": "6788c09584b9e726d92b4d44dab50ec7", "metadata": "6788c09584b9e726d92b4d44dab50ec7"}, "247": {"filename": "e0110e5400e3e3226860778b699ef9c9", "name": "e0110e5400e3e3226860778b699ef9c9", "metadata": "e0110e5400e3e3226860778b699ef9c9"}, "248": {"filename": "f9a52a53e69b2b3d5564b1252c547b21", "name": "f9a52a53e69b2b3d5564b1252c547b21", "metadata": "f9a52a53e69b2b3d5564b1252c547b21"}, "249": {"filename": "a94035d8af57e50c022511eb8a6136a2", "name": "a94035d8af57e50c022511eb8a6136a2", "metadata": "a94035d8af57e50c022511eb8a6136a2"}, "250": {"filename": "3c682b95866368b5731dade78517b0a0", "name": "3c682b95866368b5731dade78517b0a0", "metadata": "3c682b95866368b5731dade78517b0a0"}, "251": {"filename": "e818ef573dbde28022010209f7293665", "name": "e818ef573dbde28022010209f7293665", "metadata": "e818ef573dbde28022010209f7293665"}, "252": {"filename": "c6fe39c8464d71490cdc41f1d484b650", "name": "c6fe39c8464d71490cdc41f1d484b650", "metadata": "c6fe39c8464d71490cdc41f1d484b650"}, "253": {"filename": "471be810bd86d5f15f84fc69e63aa7bb", "name": "471be810bd86d5f15f84fc69e63aa7bb", "metadata": "471be810bd86d5f15f84fc69e63aa7bb"}, "254": {"filename": "e33559630e03ea49253e128faf2f3444", "name": "e33559630e03ea49253e128faf2f3444", "metadata": "e33559630e03ea49253e128faf2f3444"}, "255": {"filename": "ef1e003d21011ca5c29114f8c9c54923", "name": "ef1e003d21011ca5c29114f8c9c54923", "metadata": "ef1e003d21011ca5c29114f8c9c54923"}, "256": {"filename": "dde42242f895017dcc2752dc80833dc7", "name": "dde42242f895017dcc2752dc80833dc7", "metadata": "dde42242f895017dcc2752dc80833dc7"}, "257": {"filename": "84160f3b7eccbc6ecaf555f7e2216a19", "name": "84160f3b7eccbc6ecaf555f7e2216a19", "metadata": "84160f3b7eccbc6ecaf555f7e2216a19"}, "258": {"filename": "bda7b014ed5325677f3b92631cfa6d2e", "name": "bda7b014ed5325677f3b92631cfa6d2e", "metadata": "bda7b014ed5325677f3b92631cfa6d2e"}, "259": {"filename": "7e15c6dd325499359e6b7780936596ee", "name": "7e15c6dd325499359e6b7780936596ee", "metadata": "7e15c6dd325499359e6b7780936596ee"}, "260": {"filename": "e792417a8867568b17d34a2576b34a77", "name": "e792417a8867568b17d34a2576b34a77", "metadata": "e792417a8867568b17d34a2576b34a77"}, "261": {"filename": "685a9c87f49559ee8256e5457838e436", "name": "685a9c87f49559ee8256e5457838e436", "metadata": "685a9c87f49559ee8256e5457838e436"}, "262": {"filename": "364433455d467cc0d0c33cd9b9aa11bc", "name": "364433455d467cc0d0c33cd9b9aa11bc", "metadata": "364433455d467cc0d0c33cd9b9aa11bc"}, "263": {"filename": "890407fc38abbbff9f6f2bf2e150e93f", "name": "890407fc38abbbff9f6f2bf2e150e93f", "metadata": "890407fc38abbbff9f6f2bf2e150e93f"}, "264": {"filename": "a92d91434da88d804b2cca23051708a1", "name": "a92d91434da88d804b2cca23051708a1", "metadata": "a92d91434da88d804b2cca23051708a1"}, "265": {"filename": "87ae4bea6c7ba849b82a54e1d96574eb", "name": "87ae4bea6c7ba849b82a54e1d96574eb", "metadata": "87ae4bea6c7ba849b82a54e1d96574eb"}, "266": {"filename": "33b4b74a424fcd99dae60b2fee1b66c7", "name": "33b4b74a424fcd99dae60b2fee1b66c7", "metadata": "33b4b74a424fcd99dae60b2fee1b66c7"}, "267": {"filename": "9f9bae03d261424e532ed28fd086c87c", "name": "9f9bae03d261424e532ed28fd086c87c", "metadata": "9f9bae03d261424e532ed28fd086c87c"}, "268": {"filename": "427ea2990291473841d46187a4a16779", "name": "427ea2990291473841d46187a4a16779", "metadata": "427ea2990291473841d46187a4a16779"}, "269": {"filename": "85c0f5e783b7406f9af9def502cb9390", "name": "85c0f5e783b7406f9af9def502cb9390", "metadata": "85c0f5e783b7406f9af9def502cb9390"}, "270": {"filename": "ffd8b4fcc84e6cd6348ab2902fa88db9", "name": "ffd8b4fcc84e6cd6348ab2902fa88db9", "metadata": "ffd8b4fcc84e6cd6348ab2902fa88db9"}, "271": {"filename": "6697715ff264049aaf506c346d225370", "name": "6697715ff264049aaf506c346d225370", "metadata": "6697715ff264049aaf506c346d225370"}, "272": {"filename": "d574ab9bee53328c3e6b9dfa82a872ec", "name": "d574ab9bee53328c3e6b9dfa82a872ec", "metadata": "d574ab9bee53328c3e6b9dfa82a872ec"}, "273": {"filename": "142a72c71561da2e646d5938ed8af090", "name": "142a72c71561da2e646d5938ed8af090", "metadata": "142a72c71561da2e646d5938ed8af090"}, "274": {"filename": "457987944e538c3364f160125b552e1c", "name": "457987944e538c3364f160125b552e1c", "metadata": "457987944e538c3364f160125b552e1c"}, "275": {"filename": "6ccd463004ffbe92f61e2cefb83964e2", "name": "6ccd463004ffbe92f61e2cefb83964e2", "metadata": "6ccd463004ffbe92f61e2cefb83964e2"}, "276": {"filename": "7ae1c2fc7a7b558101ec3a77ba5dc984", "name": "7ae1c2fc7a7b558101ec3a77ba5dc984", "metadata": "7ae1c2fc7a7b558101ec3a77ba5dc984"}, "277": {"filename": "892deb638356e625937e8627039ad3bf", "name": "892deb638356e625937e8627039ad3bf", "metadata": "892deb638356e625937e8627039ad3bf"}, "278": {"filename": "e41fe479e35faa0db814bc62fe50271d", "name": "e41fe479e35faa0db814bc62fe50271d", "metadata": "e41fe479e35faa0db814bc62fe50271d"}, "279": {"filename": "9eb14ee0c0986e25ffbe5d4d064f5bfd", "name": "9eb14ee0c0986e25ffbe5d4d064f5bfd", "metadata": "9eb14ee0c0986e25ffbe5d4d064f5bfd"}, "280": {"filename": "6e51c363b3b49be60c17d51f5ef2d6db", "name": "6e51c363b3b49be60c17d51f5ef2d6db", "metadata": "6e51c363b3b49be60c17d51f5ef2d6db"}, "281": {"filename": "bfcaaed8160ffc624bedcfa95c0364f8", "name": "bfcaaed8160ffc624bedcfa95c0364f8", "metadata": "bfcaaed8160ffc624bedcfa95c0364f8"}, "282": {"filename": "d55040fc8ddd24758a01eaeb41e7e553", "name": "d55040fc8ddd24758a01eaeb41e7e553", "metadata": "d55040fc8ddd24758a01eaeb41e7e553"}, "283": {"filename": "31d881a1fa044bbf7dded5350d08a69d", "name": "31d881a1fa044bbf7dded5350d08a69d", "metadata": "31d881a1fa044bbf7dded5350d08a69d"}, "284": {"filename": "f94ee90bbc1d1b6d1584de314d2e7855", "name": "f94ee90bbc1d1b6d1584de314d2e7855", "metadata": "f94ee90bbc1d1b6d1584de314d2e7855"}, "285": {"filename": "8e353615c8834e20e76de0c939470ed5", "name": "8e353615c8834e20e76de0c939470ed5", "metadata": "8e353615c8834e20e76de0c939470ed5"}, "286": {"filename": "5105866a37e16099cda3213880f2542f", "name": "5105866a37e16099cda3213880f2542f", "metadata": "5105866a37e16099cda3213880f2542f"}, "287": {"filename": "6e54dd03f4e269af7b9121cfd8a6dfd0", "name": "6e54dd03f4e269af7b9121cfd8a6dfd0", "metadata": "6e54dd03f4e269af7b9121cfd8a6dfd0"}, "288": {"filename": "4c4979a7852e8bed2323bbb674dba17f", "name": "4c4979a7852e8bed2323bbb674dba17f", "metadata": "4c4979a7852e8bed2323bbb674dba17f"}, "289": {"filename": "0c11abd74d01fc64459fd3f936969490", "name": "0c11abd74d01fc64459fd3f936969490", "metadata": "0c11abd74d01fc64459fd3f936969490"}, "290": {"filename": "2dc131cb449490b21aeac4ee593020cb", "name": "2dc131cb449490b21aeac4ee593020cb", "metadata": "2dc131cb449490b21aeac4ee593020cb"}, "291": {"filename": "e0cd1b695721adc030f842fc8b6172b5", "name": "e0cd1b695721adc030f842fc8b6172b5", "metadata": "e0cd1b695721adc030f842fc8b6172b5"}, "292": {"filename": "b9e3293937cdad13077b903a71bc2ca7", "name": "b9e3293937cdad13077b903a71bc2ca7", "metadata": "b9e3293937cdad13077b903a71bc2ca7"}, "293": {"filename": "637e2341b97f06994f4051daecc99f5c", "name": "637e2341b97f06994f4051daecc99f5c", "metadata": "637e2341b97f06994f4051daecc99f5c"}, "294": {"filename": "2febf69acb2a36979217e4bbd44b9298", "name": "2febf69acb2a36979217e4bbd44b9298", "metadata": "2febf69acb2a36979217e4bbd44b9298"}, "295": {"filename": "7f879c500b7ec1b72e86ee5ac53e876e", "name": "7f879c500b7ec1b72e86ee5ac53e876e", "metadata": "7f879c500b7ec1b72e86ee5ac53e876e"}, "296": {"filename": "418d3615cd6af81867226832863e5633", "name": "418d3615cd6af81867226832863e5633", "metadata": "418d3615cd6af81867226832863e5633"}, "297": {"filename": "1664620b46dbd57482dce40194c8fb5b", "name": "1664620b46dbd57482dce40194c8fb5b", "metadata": "1664620b46dbd57482dce40194c8fb5b"}, "298": {"filename": "4f6ea4a7d175f0dd51640b89dcb5dd5a", "name": "4f6ea4a7d175f0dd51640b89dcb5dd5a", "metadata": "4f6ea4a7d175f0dd51640b89dcb5dd5a"}, "299": {"filename": "cf6fb3c4d9fac601eb4dcd1d5cee5112", "name": "cf6fb3c4d9fac601eb4dcd1d5cee5112", "metadata": "cf6fb3c4d9fac601eb4dcd1d5cee5112"}, "300": {"filename": "d18b9a35705f1b538341ed31d72a1ab9", "name": "d18b9a35705f1b538341ed31d72a1ab9", "metadata": "d18b9a35705f1b538341ed31d72a1ab9"}, "301": {"filename": "d28aecb661015861887f864d93d900eb", "name": "d28aecb661015861887f864d93d900eb", "metadata": "d28aecb661015861887f864d93d900eb"}, "302": {"filename": "2495bbdf9cc8d1b113616374fac9e89d", "name": "2495bbdf9cc8d1b113616374fac9e89d", "metadata": "2495bbdf9cc8d1b113616374fac9e89d"}, "303": {"filename": "46a42280ce12a96526916cbcb4981856", "name": "46a42280ce12a96526916cbcb4981856", "metadata": "46a42280ce12a96526916cbcb4981856"}, "304": {"filename": "11e94bf874f707eb1244de3c9cde3d4c", "name": "11e94bf874f707eb1244de3c9cde3d4c", "metadata": "11e94bf874f707eb1244de3c9cde3d4c"}}, "manifest_path": ".sbt.amoxicillin_training/amoxicillin_training.manifest.csv"}