{"d": 2, "version": 6, "index_type": "SBT", "storage": {"backend": "FSStorage", "args": {"path": ".sbt.clindamycin_training"}}, "factory": {"class": "GraphFactory", "args": [1, 100000.0, 4]}, "nodes": {"0": {"filename": "internal.0", "name": "internal.0", "metadata": {"min_n_below": 1919}}, "1": {"filename": "internal.1", "name": "internal.1", "metadata": {"min_n_below": 1980}}, "2": {"filename": "internal.2", "name": "internal.2", "metadata": {"min_n_below": 1919}}, "3": {"filename": "internal.3", "name": "internal.3", "metadata": {"min_n_below": 1980}}, "4": {"filename": "internal.4", "name": "internal.4", "metadata": {"min_n_below": 2028}}, "5": {"filename": "internal.5", "name": "internal.5", "metadata": {"min_n_below": 1993}}, "6": {"filename": "internal.6", "name": "internal.6", "metadata": {"min_n_below": 1919}}, "7": {"filename": "internal.7", "name": "internal.7", "metadata": {"min_n_below": 1980}}, "8": {"filename": "internal.8", "name": "internal.8", "metadata": {"min_n_below": 2030}}, "9": {"filename": "internal.9", "name": "internal.9", "metadata": {"min_n_below": 2028}}, "10": {"filename": "internal.10", "name": "internal.10", "metadata": {"min_n_below": 2028}}, "11": {"filename": "internal.11", "name": "internal.11", "metadata": {"min_n_below": 1993}}, "12": {"filename": "internal.12", "name": "internal.12", "metadata": {"min_n_below": 2023}}, "13": {"filename": "internal.13", "name": "internal.13", "metadata": {"min_n_below": 2014}}, "14": {"filename": "internal.14", "name": "internal.14", "metadata": {"min_n_below": 1919}}, "15": {"filename": "internal.15", "name": "internal.15", "metadata": {"min_n_below": 2006}}, "16": {"filename": "internal.16", "name": "internal.16", "metadata": {"min_n_below": 1980}}, "17": {"filename": "internal.17", "name": "internal.17", "metadata": {"min_n_below": 2033}}, "18": {"filename": "internal.18", "name": "internal.18", "metadata": {"min_n_below": 2030}}, "19": {"filename": "internal.19", "name": "internal.19", "metadata": {"min_n_below": 2028}}, "20": {"filename": "internal.20", "name": "internal.20", "metadata": {"min_n_below": 2034}}, "21": {"filename": "internal.21", "name": "internal.21", "metadata": {"min_n_below": 2035}}, "22": {"filename": "internal.22", "name": "internal.22", "metadata": {"min_n_below": 2028}}, "23": {"filename": "internal.23", "name": "internal.23", "metadata": {"min_n_below": 1993}}, "24": {"filename": "internal.24", "name": "internal.24", "metadata": {"min_n_below": 1998}}, "25": {"filename": "internal.25", "name": "internal.25", "metadata": {"min_n_below": 2025}}, "26": {"filename": "internal.26", "name": "internal.26", "metadata": {"min_n_below": 2023}}, "27": {"filename": "internal.27", "name": "internal.27", "metadata": {"min_n_below": 2014}}, "28": {"filename": "internal.28", "name": "internal.28", "metadata": {"min_n_below": 2021}}, "29": {"filename": "internal.29", "name": "internal.29", "metadata": {"min_n_below": 2028}}, "30": {"filename": "internal.30", "name": "internal.30", "metadata": {"min_n_below": 1919}}, "31": {"filename": "internal.31", "name": "internal.31", "metadata": {"min_n_below": 2017}}, "32": {"filename": "internal.32", "name": "internal.32", "metadata": {"min_n_below": 2006}}, "33": {"filename": "internal.33", "name": "internal.33", "metadata": {"min_n_below": 1980}}, "34": {"filename": "internal.34", "name": "internal.34", "metadata": {"min_n_below": 1987}}, "35": {"filename": "internal.35", "name": "internal.35", "metadata": {"min_n_below": 2042}}, "36": {"filename": "internal.36", "name": "internal.36", "metadata": {"min_n_below": 2033}}, "37": {"filename": "internal.37", "name": "internal.37", "metadata": {"min_n_below": 2042}}, "38": {"filename": "internal.38", "name": "internal.38", "metadata": {"min_n_below": 2030}}, "39": {"filename": "internal.39", "name": "internal.39", "metadata": {"min_n_below": 2060}}, "40": {"filename": "internal.40", "name": "internal.40", "metadata": {"min_n_below": 2028}}, "41": {"filename": "internal.41", "name": "internal.41", "metadata": {"min_n_below": 2068}}, "42": {"filename": "internal.42", "name": "internal.42", "metadata": {"min_n_below": 2034}}, "43": {"filename": "internal.43", "name": "internal.43", "metadata": {"min_n_below": 2069}}, "44": {"filename": "internal.44", "name": "internal.44", "metadata": {"min_n_below": 2035}}, "45": {"filename": "internal.45", "name": "internal.45", "metadata": {"min_n_below": 2028}}, "46": {"filename": "internal.46", "name": "internal.46", "metadata": {"min_n_below": 2038}}, "47": {"filename": "internal.47", "name": "internal.47", "metadata": {"min_n_below": 1993}}, "48": {"filename": "internal.48", "name": "internal.48", "metadata": {"min_n_below": 2031}}, "49": {"filename": "internal.49", "name": "internal.49", "metadata": {"min_n_below": 2004}}, "50": {"filename": "internal.50", "name": "internal.50", "metadata": {"min_n_below": 1998}}, "51": {"filename": "internal.51", "name": "internal.51", "metadata": {"min_n_below": 2031}}, "52": {"filename": "internal.52", "name": "internal.52", "metadata": {"min_n_below": 2025}}, "53": {"filename": "internal.53", "name": "internal.53", "metadata": {"min_n_below": 2023}}, "54": {"filename": "internal.54", "name": "internal.54", "metadata": {"min_n_below": 2028}}, "55": {"filename": "internal.55", "name": "internal.55", "metadata": {"min_n_below": 2014}}, "56": {"filename": "internal.56", "name": "internal.56", "metadata": {"min_n_below": 2018}}, "57": {"filename": "internal.57", "name": "internal.57", "metadata": {"min_n_below": 2021}}, "58": {"filename": "internal.58", "name": "internal.58", "metadata": {"min_n_below": 2036}}, "59": {"filename": "internal.59", "name": "internal.59", "metadata": {"min_n_below": 2028}}, "60": {"filename": "internal.60", "name": "internal.60", "metadata": {"min_n_below": 2034}}, "61": {"filename": "internal.61", "name": "internal.61", "metadata": {"min_n_below": 2030}}, "62": {"filename": "internal.62", "name": "internal.62", "metadata": {"min_n_below": 1919}}, "63": {"filename": "internal.63", "name": "internal.63", "metadata": {"min_n_below": 2017}}, "64": {"filename": "internal.64", "name": "internal.64", "metadata": {"min_n_below": 2030}}, "65": {"filename": "internal.65", "name": "internal.65", "metadata": {"min_n_below": 2028}}, "66": {"filename": "internal.66", "name": "internal.66", "metadata": {"min_n_below": 2006}}, "67": {"filename": "internal.67", "name": "internal.67", "metadata": {"min_n_below": 2025}}, "68": {"filename": "internal.68", "name": "internal.68", "metadata": {"min_n_below": 1980}}, "69": {"filename": "internal.69", "name": "internal.69", "metadata": {"min_n_below": 1987}}, "70": {"filename": "internal.70", "name": "internal.70", "metadata": {"min_n_below": 2039}}, "71": {"filename": "internal.71", "name": "internal.71", "metadata": {"min_n_below": 2042}}, "72": {"filename": "internal.72", "name": "internal.72", "metadata": {"min_n_below": 2116}}, "73": {"filename": "internal.73", "name": "internal.73", "metadata": {"min_n_below": 2033}}, "74": {"filename": "internal.74", "name": "internal.74", "metadata": {"min_n_below": 2084}}, "75": {"filename": "internal.75", "name": "internal.75", "metadata": {"min_n_below": 2042}}, "76": {"filename": "internal.76", "name": "internal.76", "metadata": {"min_n_below": 2116}}, "77": {"filename": "internal.77", "name": "internal.77", "metadata": {"min_n_below": 2047}}, "78": {"filename": "internal.78", "name": "internal.78", "metadata": {"min_n_below": 2030}}, "79": {"filename": "internal.79", "name": "internal.79", "metadata": {"min_n_below": 2063}}, "80": {"filename": "internal.80", "name": "internal.80", "metadata": {"min_n_below": 2060}}, "81": {"filename": "internal.81", "name": "internal.81", "metadata": {"min_n_below": 2028}}, "82": {"filename": "internal.82", "name": "internal.82", "metadata": {"min_n_below": 2071}}, "83": {"filename": "internal.83", "name": "internal.83", "metadata": {"min_n_below": 2068}}, "84": {"filename": "internal.84", "name": "internal.84", "metadata": {"min_n_below": 2076}}, "85": {"filename": "internal.85", "name": "internal.85", "metadata": {"min_n_below": 2035}}, "86": {"filename": "internal.86", "name": "internal.86", "metadata": {"min_n_below": 2034}}, "87": {"filename": "internal.87", "name": "internal.87", "metadata": {"min_n_below": 2069}}, "88": {"filename": "internal.88", "name": "internal.88", "metadata": {"min_n_below": 2097}}, "89": {"filename": "internal.89", "name": "internal.89", "metadata": {"min_n_below": 2039}}, "90": {"filename": "internal.90", "name": "internal.90", "metadata": {"min_n_below": 2035}}, "91": {"filename": "internal.91", "name": "internal.91", "metadata": {"min_n_below": 2028}}, "92": {"filename": "internal.92", "name": "internal.92", "metadata": {"min_n_below": 2031}}, "93": {"filename": "internal.93", "name": "internal.93", "metadata": {"min_n_below": 2072}}, "94": {"filename": "internal.94", "name": "internal.94", "metadata": {"min_n_below": 2038}}, "95": {"filename": "internal.95", "name": "internal.95", "metadata": {"min_n_below": 1993}}, "96": {"filename": "internal.96", "name": "internal.96", "metadata": {"min_n_below": 2032}}, "97": {"filename": "internal.97", "name": "internal.97", "metadata": {"min_n_below": 2073}}, "98": {"filename": "internal.98", "name": "internal.98", "metadata": {"min_n_below": 2031}}, "99": {"filename": "internal.99", "name": "internal.99", "metadata": {"min_n_below": 2032}}, "100": {"filename": "internal.100", "name": "internal.100", "metadata": {"min_n_below": 2004}}, "101": {"filename": "internal.101", "name": "internal.101", "metadata": {"min_n_below": 1998}}, "102": {"filename": "internal.102", "name": "internal.102", "metadata": {"min_n_below": 2065}}, "103": {"filename": "internal.103", "name": "internal.103", "metadata": {"min_n_below": 2032}}, "104": {"filename": "internal.104", "name": "internal.104", "metadata": {"min_n_below": 2031}}, "105": {"filename": "internal.105", "name": "internal.105", "metadata": {"min_n_below": 2025}}, "106": {"filename": "internal.106", "name": "internal.106", "metadata": {"min_n_below": 2071}}, "107": {"filename": "internal.107", "name": "internal.107", "metadata": {"min_n_below": 2032}}, "108": {"filename": "internal.108", "name": "internal.108", "metadata": {"min_n_below": 2023}}, "109": {"filename": "internal.109", "name": "internal.109", "metadata": {"min_n_below": 2071}}, "110": {"filename": "internal.110", "name": "internal.110", "metadata": {"min_n_below": 2028}}, "111": {"filename": "internal.111", "name": "internal.111", "metadata": {"min_n_below": 2014}}, "112": {"filename": "internal.112", "name": "internal.112", "metadata": {"min_n_below": 2019}}, "113": {"filename": "internal.113", "name": "internal.113", "metadata": {"min_n_below": 2030}}, "114": {"filename": "internal.114", "name": "internal.114", "metadata": {"min_n_below": 2018}}, "115": {"filename": "internal.115", "name": "internal.115", "metadata": {"min_n_below": 2021}}, "116": {"filename": "internal.116", "name": "internal.116", "metadata": {"min_n_below": 2061}}, "117": {"filename": "internal.117", "name": "internal.117", "metadata": {"min_n_below": 2036}}, "118": {"filename": "internal.118", "name": "internal.118", "metadata": {"min_n_below": 2066}}, "119": {"filename": "internal.119", "name": "internal.119", "metadata": {"min_n_below": 2028}}, "120": {"filename": "internal.120", "name": "internal.120", "metadata": {"min_n_below": 2032}}, "121": {"filename": "internal.121", "name": "internal.121", "metadata": {"min_n_below": 2063}}, "122": {"filename": "internal.122", "name": "internal.122", "metadata": {"min_n_below": 2034}}, "123": {"filename": "internal.123", "name": "internal.123", "metadata": {"min_n_below": 2030}}, "124": {"filename": "internal.124", "name": "internal.124", "metadata": {"min_n_below": 2036}}, "125": {"filename": "internal.125", "name": "internal.125", "metadata": {"min_n_below": 2035}}, "126": {"filename": "internal.126", "name": "internal.126", "metadata": {"min_n_below": 1919}}, "127": {"filename": "internal.127", "name": "internal.127", "metadata": {"min_n_below": 2017}}, "128": {"filename": "internal.128", "name": "internal.128", "metadata": {"min_n_below": 2031}}, "129": {"filename": "internal.129", "name": "internal.129", "metadata": {"min_n_below": 2033}}, "130": {"filename": "internal.130", "name": "internal.130", "metadata": {"min_n_below": 2030}}, "131": {"filename": "internal.131", "name": "internal.131", "metadata": {"min_n_below": 2028}}, "132": {"filename": "internal.132", "name": "internal.132", "metadata": {"min_n_below": 2059}}, "133": {"filename": "internal.133", "name": "internal.133", "metadata": {"min_n_below": 2006}}, "134": {"filename": "internal.134", "name": "internal.134", "metadata": {"min_n_below": 2035}}, "135": {"filename": "internal.135", "name": "internal.135", "metadata": {"min_n_below": 2025}}, "136": {"filename": "internal.136", "name": "internal.136", "metadata": {"min_n_below": 2048}}, "137": {"filename": "internal.137", "name": "internal.137", "metadata": {"min_n_below": 2057}}, "138": {"filename": "internal.138", "name": "internal.138", "metadata": {"min_n_below": 1980}}, "139": {"filename": "internal.139", "name": "internal.139", "metadata": {"min_n_below": 1987}}, "140": {"filename": "internal.140", "name": "internal.140", "metadata": {"min_n_below": 2048}}, "141": {"filename": "internal.141", "name": "internal.141", "metadata": {"min_n_below": 2060}}, "142": {"filename": "internal.142", "name": "internal.142", "metadata": {"min_n_below": 2039}}, "143": {"filename": "internal.143", "name": "internal.143", "metadata": {"min_n_below": 2062}}, "144": {"filename": "internal.144", "name": "internal.144", "metadata": {"min_n_below": 2042}}, "145": {"filename": "internal.145", "name": "internal.145", "metadata": {"min_n_below": 2116}}, "146": {"filename": "internal.146", "name": "internal.146", "metadata": {"min_n_below": 2119}}, "147": {"filename": "internal.147", "name": "internal.147", "metadata": {"min_n_below": 2062}}, "148": {"filename": "internal.148", "name": "internal.148", "metadata": {"min_n_below": 2033}}, "149": {"filename": "internal.149", "name": "internal.149", "metadata": {"min_n_below": 2126}}, "150": {"filename": "internal.150", "name": "internal.150", "metadata": {"min_n_below": 2084}}, "151": {"filename": "internal.151", "name": "internal.151", "metadata": {"min_n_below": 2106}}, "152": {"filename": "internal.152", "name": "internal.152", "metadata": {"min_n_below": 2042}}, "153": {"filename": "internal.153", "name": "internal.153", "metadata": {"min_n_below": 2121}}, "154": {"filename": "internal.154", "name": "internal.154", "metadata": {"min_n_below": 2116}}, "155": {"filename": "internal.155", "name": "internal.155", "metadata": {"min_n_below": 2075}}, "156": {"filename": "internal.156", "name": "internal.156", "metadata": {"min_n_below": 2047}}, "157": {"filename": "internal.157", "name": "internal.157", "metadata": {"min_n_below": 2030}}, "158": {"filename": "internal.158", "name": "internal.158", "metadata": {"min_n_below": 2082}}, "159": {"filename": "internal.159", "name": "internal.159", "metadata": {"min_n_below": 2065}}, "160": {"filename": "internal.160", "name": "internal.160", "metadata": {"min_n_below": 2063}}, "161": {"filename": "internal.161", "name": "internal.161", "metadata": {"min_n_below": 2060}}, "162": {"filename": "internal.162", "name": "internal.162", "metadata": {"min_n_below": 2107}}, "163": {"filename": "internal.163", "name": "internal.163", "metadata": {"min_n_below": 2028}}, "164": {"filename": "internal.164", "name": "internal.164", "metadata": {"min_n_below": 2057}}, "165": {"filename": "internal.165", "name": "internal.165", "metadata": {"min_n_below": 2071}}, "166": {"filename": "internal.166", "name": "internal.166", "metadata": {"min_n_below": 2074}}, "167": {"filename": "internal.167", "name": "internal.167", "metadata": {"min_n_below": 2072}}, "168": {"filename": "internal.168", "name": "internal.168", "metadata": {"min_n_below": 2068}}, "169": {"filename": "internal.169", "name": "internal.169", "metadata": {"min_n_below": 2086}}, "170": {"filename": "internal.170", "name": "internal.170", "metadata": {"min_n_below": 2076}}, "171": {"filename": "internal.171", "name": "internal.171", "metadata": {"min_n_below": 2035}}, "172": {"filename": "internal.172", "name": "internal.172", "metadata": {"min_n_below": 2060}}, "173": {"filename": "internal.173", "name": "internal.173", "metadata": {"min_n_below": 2034}}, "174": {"filename": "internal.174", "name": "internal.174", "metadata": {"min_n_below": 2068}}, "175": {"filename": "internal.175", "name": "internal.175", "metadata": {"min_n_below": 2069}}, "176": {"filename": "internal.176", "name": "internal.176", "metadata": {"min_n_below": 2129}}, "177": {"filename": "internal.177", "name": "internal.177", "metadata": {"min_n_below": 2108}}, "178": {"filename": "internal.178", "name": "internal.178", "metadata": {"min_n_below": 2097}}, "179": {"filename": "internal.179", "name": "internal.179", "metadata": {"min_n_below": 2058}}, "180": {"filename": "internal.180", "name": "internal.180", "metadata": {"min_n_below": 2039}}, "181": {"filename": "internal.181", "name": "internal.181", "metadata": {"min_n_below": 2038}}, "182": {"filename": "internal.182", "name": "internal.182", "metadata": {"min_n_below": 2035}}, "183": {"filename": "internal.183", "name": "internal.183", "metadata": {"min_n_below": 2034}}, "184": {"filename": "internal.184", "name": "internal.184", "metadata": {"min_n_below": 2028}}, "185": {"filename": "internal.185", "name": "internal.185", "metadata": {"min_n_below": 2045}}, "186": {"filename": "internal.186", "name": "internal.186", "metadata": {"min_n_below": 2031}}, "187": {"filename": "internal.187", "name": "internal.187", "metadata": {"min_n_below": 2072}}, "188": {"filename": "internal.188", "name": "internal.188", "metadata": {"min_n_below": 2095}}, "189": {"filename": "internal.189", "name": "internal.189", "metadata": {"min_n_below": 2038}}, "190": {"filename": "internal.190", "name": "internal.190", "metadata": {"min_n_below": 2065}}, "191": {"filename": "internal.191", "name": "internal.191", "metadata": {"min_n_below": 1993}}, "192": {"filename": "internal.192", "name": "internal.192", "metadata": {"min_n_below": 2069}}, "193": {"filename": "internal.193", "name": "internal.193", "metadata": {"min_n_below": 2093}}, "194": {"filename": "internal.194", "name": "internal.194", "metadata": {"min_n_below": 2032}}, "195": {"filename": "internal.195", "name": "internal.195", "metadata": {"min_n_below": 2075}}, "196": {"filename": "internal.196", "name": "internal.196", "metadata": {"min_n_below": 2073}}, "197": {"filename": "internal.197", "name": "internal.197", "metadata": {"min_n_below": 2031}}, "198": {"filename": "internal.198", "name": "internal.198", "metadata": {"min_n_below": 2074}}, "199": {"filename": "internal.199", "name": "internal.199", "metadata": {"min_n_below": 2032}}, "200": {"filename": "internal.200", "name": "internal.200", "metadata": {"min_n_below": 2049}}, "201": {"filename": "internal.201", "name": "internal.201", "metadata": {"min_n_below": 2024}}, "202": {"filename": "internal.202", "name": "internal.202", "metadata": {"min_n_below": 2004}}, "203": {"filename": "internal.203", "name": "internal.203", "metadata": {"min_n_below": 1998}}, "204": {"filename": "internal.204", "name": "internal.204", "metadata": {"min_n_below": 2000}}, "205": {"filename": "internal.205", "name": "internal.205", "metadata": {"min_n_below": 2071}}, "206": {"filename": "internal.206", "name": "internal.206", "metadata": {"min_n_below": 2065}}, "207": {"filename": "internal.207", "name": "internal.207", "metadata": {"min_n_below": 2039}}, "208": {"filename": "internal.208", "name": "internal.208", "metadata": {"min_n_below": 2032}}, "209": {"filename": "internal.209", "name": "internal.209", "metadata": {"min_n_below": 2068}}, "210": {"filename": "internal.210", "name": "internal.210", "metadata": {"min_n_below": 2031}}, "211": {"filename": "internal.211", "name": "internal.211", "metadata": {"min_n_below": 2025}}, "212": {"filename": "internal.212", "name": "internal.212", "metadata": {"min_n_below": 2070}}, "213": {"filename": "internal.213", "name": "internal.213", "metadata": {"min_n_below": 2071}}, "214": {"filename": "internal.214", "name": "internal.214", "metadata": {"min_n_below": 2076}}, "215": {"filename": "internal.215", "name": "internal.215", "metadata": {"min_n_below": 2032}}, "216": {"filename": "internal.216", "name": "internal.216", "metadata": {"min_n_below": 2033}}, "217": {"filename": "internal.217", "name": "internal.217", "metadata": {"min_n_below": 2074}}, "218": {"filename": "internal.218", "name": "internal.218", "metadata": {"min_n_below": 2023}}, "219": {"filename": "internal.219", "name": "internal.219", "metadata": {"min_n_below": 2071}}, "220": {"filename": "internal.220", "name": "internal.220", "metadata": {"min_n_below": 2100}}, "221": {"filename": "internal.221", "name": "internal.221", "metadata": {"min_n_below": 2059}}, "222": {"filename": "internal.222", "name": "internal.222", "metadata": {"min_n_below": 2028}}, "223": {"filename": "internal.223", "name": "internal.223", "metadata": {"min_n_below": 2070}}, "224": {"filename": "internal.224", "name": "internal.224", "metadata": {"min_n_below": 2014}}, "225": {"filename": "internal.225", "name": "internal.225", "metadata": {"min_n_below": 2031}}, "226": {"filename": "internal.226", "name": "internal.226", "metadata": {"min_n_below": 2019}}, "227": {"filename": "internal.227", "name": "internal.227", "metadata": {"min_n_below": 2030}}, "228": {"filename": "internal.228", "name": "internal.228", "metadata": {"min_n_below": 2030}}, "229": {"filename": "internal.229", "name": "internal.229", "metadata": {"min_n_below": 2069}}, "230": {"filename": "internal.230", "name": "internal.230", "metadata": {"min_n_below": 2018}}, "231": {"filename": "internal.231", "name": "internal.231", "metadata": {"min_n_below": 2078}}, "232": {"filename": "internal.232", "name": "internal.232", "metadata": {"min_n_below": 2021}}, "233": {"filename": "internal.233", "name": "internal.233", "metadata": {"min_n_below": 2067}}, "234": {"filename": "internal.234", "name": "internal.234", "metadata": {"min_n_below": 2061}}, "235": {"filename": "internal.235", "name": "internal.235", "metadata": {"min_n_below": 2036}}, "236": {"filename": "internal.236", "name": "internal.236", "metadata": {"min_n_below": 2067}}, "237": {"filename": "internal.237", "name": "internal.237", "metadata": {"min_n_below": 2069}}, "238": {"filename": "internal.238", "name": "internal.238", "metadata": {"min_n_below": 2066}}, "239": {"filename": "internal.239", "name": "internal.239", "metadata": {"min_n_below": 2028}}, "240": {"filename": "internal.240", "name": "internal.240", "metadata": {"min_n_below": 2035}}, "241": {"filename": "internal.241", "name": "internal.241", "metadata": {"min_n_below": 2074}}, "242": {"filename": "internal.242", "name": "internal.242", "metadata": {"min_n_below": 2032}}, "243": {"filename": "internal.243", "name": "internal.243", "metadata": {"min_n_below": 2103}}, "244": {"filename": "internal.244", "name": "internal.244", "metadata": {"min_n_below": 2063}}, "245": {"filename": "internal.245", "name": "internal.245", "metadata": {"min_n_below": 2034}}, "246": {"filename": "internal.246", "name": "internal.246", "metadata": {"min_n_below": 2089}}, "247": {"filename": "internal.247", "name": "internal.247", "metadata": {"min_n_below": 2062}}, "248": {"filename": "internal.248", "name": "internal.248", "metadata": {"min_n_below": 2030}}, "249": {"filename": "internal.249", "name": "internal.249", "metadata": {"min_n_below": 2037}}, "250": {"filename": "internal.250", "name": "internal.250", "metadata": {"min_n_below": 2036}}, "251": {"filename": "internal.251", "name": "internal.251", "metadata": {"min_n_below": 2035}}, "252": {"filename": "internal.252", "name": "internal.252", "metadata": {"min_n_below": 2074}}, "253": {"filename": "internal.253", "name": "internal.253", "metadata": {"min_n_below": 1919}}, "254": {"filename": "internal.254", "name": "internal.254", "metadata": {"min_n_below": 2065}}, "255": {"filename": "internal.255", "name": "internal.255", "metadata": {"min_n_below": 2017}}, "256": {"filename": "internal.256", "name": "internal.256", "metadata": {"min_n_below": 2102}}, "257": {"filename": "internal.257", "name": "internal.257", "metadata": {"min_n_below": 2033}}, "258": {"filename": "internal.258", "name": "internal.258", "metadata": {"min_n_below": 2031}}, "259": {"filename": "internal.259", "name": "internal.259", "metadata": {"min_n_below": 2056}}, "260": {"filename": "internal.260", "name": "internal.260", "metadata": {"min_n_below": 2033}}, "261": {"filename": "internal.261", "name": "internal.261", "metadata": {"min_n_below": 2034}}, "262": {"filename": "internal.262", "name": "internal.262", "metadata": {"min_n_below": 2030}}, "263": {"filename": "internal.263", "name": "internal.263", "metadata": {"min_n_below": 2029}}, "264": {"filename": "internal.264", "name": "internal.264", "metadata": {"min_n_below": 2028}}, "265": {"filename": "internal.265", "name": "internal.265", "metadata": {"min_n_below": 2059}}, "266": {"filename": "internal.266", "name": "internal.266", "metadata": {"min_n_below": 2074}}, "267": {"filename": "internal.267", "name": "internal.267", "metadata": {"min_n_below": 2006}}, "268": {"filename": "internal.268", "name": "internal.268", "metadata": {"min_n_below": 2079}}, "269": {"filename": "internal.269", "name": "internal.269", "metadata": {"min_n_below": 2035}}, "270": {"filename": "internal.270", "name": "internal.270", "metadata": {"min_n_below": 2070}}, "271": {"filename": "internal.271", "name": "internal.271", "metadata": {"min_n_below": 2025}}, "272": {"filename": "internal.272", "name": "internal.272", "metadata": {"min_n_below": 2084}}, "273": {"filename": "internal.273", "name": "internal.273", "metadata": {"min_n_below": 2048}}, "274": {"filename": "internal.274", "name": "internal.274", "metadata": {"min_n_below": 2072}}, "275": {"filename": "internal.275", "name": "internal.275", "metadata": {"min_n_below": 2057}}, "276": {"filename": "internal.276", "name": "internal.276", "metadata": {"min_n_below": 2067}}, "277": {"filename": "internal.277", "name": "internal.277", "metadata": {"min_n_below": 2038}}, "278": {"filename": "internal.278", "name": "internal.278", "metadata": {"min_n_below": 1980}}, "279": {"filename": "internal.279", "name": "internal.279", "metadata": {"min_n_below": 1987}}, "280": {"filename": "internal.280", "name": "internal.280", "metadata": {"min_n_below": 2079}}, "281": {"filename": "internal.281", "name": "internal.281", "metadata": {"min_n_below": 2048}}}, "signatures": {"282": {"filename": "33b4b74a424fcd99dae60b2fee1b66c7", "name": "33b4b74a424fcd99dae60b2fee1b66c7", "metadata": "33b4b74a424fcd99dae60b2fee1b66c7"}, "283": {"filename": "31d881a1fa044bbf7dded5350d08a69d", "name": "31d881a1fa044bbf7dded5350d08a69d", "metadata": "31d881a1fa044bbf7dded5350d08a69d"}, "284": {"filename": "427ea2990291473841d46187a4a16779", "name": "427ea2990291473841d46187a4a16779", "metadata": "427ea2990291473841d46187a4a16779"}, "285": {"filename": "5384fe2890147be232ae3f8f56418e7d", "name": "5384fe2890147be232ae3f8f56418e7d", "metadata": "5384fe2890147be232ae3f8f56418e7d"}, "286": {"filename": "ffd8b4fcc84e6cd6348ab2902fa88db9", "name": "ffd8b4fcc84e6cd6348ab2902fa88db9", "metadata": "ffd8b4fcc84e6cd6348ab2902fa88db9"}, "287": {"filename": "6e54dd03f4e269af7b9121cfd8a6dfd0", "name": "6e54dd03f4e269af7b9121cfd8a6dfd0", "metadata": "6e54dd03f4e269af7b9121cfd8a6dfd0"}, "288": {"filename": "d574ab9bee53328c3e6b9dfa82a872ec", "name": "d574ab9bee53328c3e6b9dfa82a872ec", "metadata": "d574ab9bee53328c3e6b9dfa82a872ec"}, "289": {"filename": "6a0b121696a6b9be0d14fe2e9555c9de", "name": "6a0b121696a6b9be0d14fe2e9555c9de", "metadata": "6a0b121696a6b9be0d14fe2e9555c9de"}, "290": {"filename": "457987944e538c3364f160125b552e1c", "name": "457987944e538c3364f160125b552e1c", "metadata": "457987944e538c3364f160125b552e1c"}, "291": {"filename": "e0cd1b695721adc030f842fc8b6172b5", "name": "e0cd1b695721adc030f842fc8b6172b5", "metadata": "e0cd1b695721adc030f842fc8b6172b5"}, "292": {"filename": "7ae1c2fc7a7b558101ec3a77ba5dc984", "name": "7ae1c2fc7a7b558101ec3a77ba5dc984", "metadata": "7ae1c2fc7a7b558101ec3a77ba5dc984"}, "293": {"filename": "142a72c71561da2e646d5938ed8af090", "name": "142a72c71561da2e646d5938ed8af090", "metadata": "142a72c71561da2e646d5938ed8af090"}, "294": {"filename": "e41fe479e35faa0db814bc62fe50271d", "name": "e41fe479e35faa0db814bc62fe50271d", "metadata": "e41fe479e35faa0db814bc62fe50271d"}, "295": {"filename": "7f879c500b7ec1b72e86ee5ac53e876e", "name": "7f879c500b7ec1b72e86ee5ac53e876e", "metadata": "7f879c500b7ec1b72e86ee5ac53e876e"}, "296": {"filename": "6e51c363b3b49be60c17d51f5ef2d6db", "name": "6e51c363b3b49be60c17d51f5ef2d6db", "metadata": "6e51c363b3b49be60c17d51f5ef2d6db"}, "297": {"filename": "7c47f50c487bb8f10771fe4d21b7c3ad", "name": "7c47f50c487bb8f10771fe4d21b7c3ad", "metadata": "7c47f50c487bb8f10771fe4d21b7c3ad"}, "298": {"filename": "d55040fc8ddd24758a01eaeb41e7e553", "name": "d55040fc8ddd24758a01eaeb41e7e553", "metadata": "d55040fc8ddd24758a01eaeb41e7e553"}, "299": {"filename": "cf6fb3c4d9fac601eb4dcd1d5cee5112", "name": "cf6fb3c4d9fac601eb4dcd1d5cee5112", "metadata": "cf6fb3c4d9fac601eb4dcd1d5cee5112"}, "300": {"filename": "f94ee90bbc1d1b6d1584de314d2e7855", "name": "f94ee90bbc1d1b6d1584de314d2e7855", "metadata": "f94ee90bbc1d1b6d1584de314d2e7855"}, "301": {"filename": "836a31ce4da8130063c758aaf5ad8635", "name": "836a31ce4da8130063c758aaf5ad8635", "metadata": "836a31ce4da8130063c758aaf5ad8635"}, "302": {"filename": "5105866a37e16099cda3213880f2542f", "name": "5105866a37e16099cda3213880f2542f", "metadata": "5105866a37e16099cda3213880f2542f"}, "303": {"filename": "46a42280ce12a96526916cbcb4981856", "name": "46a42280ce12a96526916cbcb4981856", "metadata": "46a42280ce12a96526916cbcb4981856"}, "304": {"filename": "4c4979a7852e8bed2323bbb674dba17f", "name": "4c4979a7852e8bed2323bbb674dba17f", "metadata": "4c4979a7852e8bed2323bbb674dba17f"}, "305": {"filename": "7e4c178d81a877fefeafb1cb7a6d4f28", "name": "7e4c178d81a877fefeafb1cb7a6d4f28", "metadata": "7e4c178d81a877fefeafb1cb7a6d4f28"}, "306": {"filename": "2dc131cb449490b21aeac4ee593020cb", "name": "2dc131cb449490b21aeac4ee593020cb", "metadata": "2dc131cb449490b21aeac4ee593020cb"}, "307": {"filename": "63d93921d22e049a1bbca3961d430ac2", "name": "63d93921d22e049a1bbca3961d430ac2", "metadata": "63d93921d22e049a1bbca3961d430ac2"}, "308": {"filename": "b9e3293937cdad13077b903a71bc2ca7", "name": "b9e3293937cdad13077b903a71bc2ca7", "metadata": "b9e3293937cdad13077b903a71bc2ca7"}, "309": {"filename": "892deb638356e625937e8627039ad3bf", "name": "892deb638356e625937e8627039ad3bf", "metadata": "892deb638356e625937e8627039ad3bf"}, "310": {"filename": "2febf69acb2a36979217e4bbd44b9298", "name": "2febf69acb2a36979217e4bbd44b9298", "metadata": "2febf69acb2a36979217e4bbd44b9298"}, "311": {"filename": "33df4ed937c47368fa8b231671ba278c", "name": "33df4ed937c47368fa8b231671ba278c", "metadata": "33df4ed937c47368fa8b231671ba278c"}, "312": {"filename": "418d3615cd6af81867226832863e5633", "name": "418d3615cd6af81867226832863e5633", "metadata": "418d3615cd6af81867226832863e5633"}, "313": {"filename": "bfcaaed8160ffc624bedcfa95c0364f8", "name": "bfcaaed8160ffc624bedcfa95c0364f8", "metadata": "bfcaaed8160ffc624bedcfa95c0364f8"}, "314": {"filename": "4f6ea4a7d175f0dd51640b89dcb5dd5a", "name": "4f6ea4a7d175f0dd51640b89dcb5dd5a", "metadata": "4f6ea4a7d175f0dd51640b89dcb5dd5a"}, "315": {"filename": "c84cf5099ce7f3d8a7cb19824081e95c", "name": "c84cf5099ce7f3d8a7cb19824081e95c", "metadata": "c84cf5099ce7f3d8a7cb19824081e95c"}, "316": {"filename": "d18b9a35705f1b538341ed31d72a1ab9", "name": "d18b9a35705f1b538341ed31d72a1ab9", "metadata": "d18b9a35705f1b538341ed31d72a1ab9"}, "317": {"filename": "8e353615c8834e20e76de0c939470ed5", "name": "8e353615c8834e20e76de0c939470ed5", "metadata": "8e353615c8834e20e76de0c939470ed5"}, "318": {"filename": "b48ba6081279c864f58adbc7cabef3d9", "name": "b48ba6081279c864f58adbc7cabef3d9", "metadata": "b48ba6081279c864f58adbc7cabef3d9"}, "319": {"filename": "4a324265dbc795b788581b9cf4c53e3d", "name": "4a324265dbc795b788581b9cf4c53e3d", "metadata": "4a324265dbc795b788581b9cf4c53e3d"}, "320": {"filename": "c74dc92671e33725375a52d94a92e84f", "name": "c74dc92671e33725375a52d94a92e84f", "metadata": "c74dc92671e33725375a52d94a92e84f"}, "321": {"filename": "0c11abd74d01fc64459fd3f936969490", "name": "0c11abd74d01fc64459fd3f936969490", "metadata": "0c11abd74d01fc64459fd3f936969490"}, "322": {"filename": "abcc92da75305f8abf9645e95ac4af7a", "name": "abcc92da75305f8abf9645e95ac4af7a", "metadata": "abcc92da75305f8abf9645e95ac4af7a"}, "323": {"filename": "f869db282f9d37e95678f4e0e83520bc", "name": "f869db282f9d37e95678f4e0e83520bc", "metadata": "f869db282f9d37e95678f4e0e83520bc"}, "324": {"filename": "487e0d28ea962c0e51cec2aab9dc29e5", "name": "487e0d28ea962c0e51cec2aab9dc29e5", "metadata": "487e0d28ea962c0e51cec2aab9dc29e5"}, "325": {"filename": "637e2341b97f06994f4051daecc99f5c", "name": "637e2341b97f06994f4051daecc99f5c", "metadata": "637e2341b97f06994f4051daecc99f5c"}, "326": {"filename": "a84c4935e18b68b975400e23f91240a0", "name": "a84c4935e18b68b975400e23f91240a0", "metadata": "a84c4935e18b68b975400e23f91240a0"}, "327": {"filename": "7a74d6d277ae6561329db84e84078126", "name": "7a74d6d277ae6561329db84e84078126", "metadata": "7a74d6d277ae6561329db84e84078126"}, "328": {"filename": "0aeb42c22d25269e6732e9cbaab2b9b3", "name": "0aeb42c22d25269e6732e9cbaab2b9b3", "metadata": "0aeb42c22d25269e6732e9cbaab2b9b3"}, "329": {"filename": "1664620b46dbd57482dce40194c8fb5b", "name": "1664620b46dbd57482dce40194c8fb5b", "metadata": "1664620b46dbd57482dce40194c8fb5b"}, "330": {"filename": "fa6206cc24ee8d8d2bbedc00df14edee", "name": "fa6206cc24ee8d8d2bbedc00df14edee", "metadata": "fa6206cc24ee8d8d2bbedc00df14edee"}, "331": {"filename": "62fe16142218a4bc9bb038f04dbe394b", "name": "62fe16142218a4bc9bb038f04dbe394b", "metadata": "62fe16142218a4bc9bb038f04dbe394b"}, "332": {"filename": "9a92c2e9efb5af93d2fdb986de93e64f", "name": "9a92c2e9efb5af93d2fdb986de93e64f", "metadata": "9a92c2e9efb5af93d2fdb986de93e64f"}, "333": {"filename": "d28aecb661015861887f864d93d900eb", "name": "d28aecb661015861887f864d93d900eb", "metadata": "d28aecb661015861887f864d93d900eb"}, "334": {"filename": "5a59d01d407250587cd998a1c630db5f", "name": "5a59d01d407250587cd998a1c630db5f", "metadata": "5a59d01d407250587cd998a1c630db5f"}, "335": {"filename": "b6000ce5e7b0ad9b8f18bdf16ccbb43f", "name": "b6000ce5e7b0ad9b8f18bdf16ccbb43f", "metadata": "b6000ce5e7b0ad9b8f18bdf16ccbb43f"}, "336": {"filename": "6cea7b5b7364e9dea7392a66b4b20630", "name": "6cea7b5b7364e9dea7392a66b4b20630", "metadata": "6cea7b5b7364e9dea7392a66b4b20630"}, "337": {"filename": "4bd52a3498864f1061a5492a62681f5d", "name": "4bd52a3498864f1061a5492a62681f5d", "metadata": "4bd52a3498864f1061a5492a62681f5d"}, "338": {"filename": "88788e6cff2d40d46598f3ee1e540359", "name": "88788e6cff2d40d46598f3ee1e540359", "metadata": "88788e6cff2d40d46598f3ee1e540359"}, "339": {"filename": "9926adde6e9d7b4e078fccf170d5be0b", "name": "9926adde6e9d7b4e078fccf170d5be0b", "metadata": "9926adde6e9d7b4e078fccf170d5be0b"}, "340": {"filename": "76f26310379559828a573bcd5658668f", "name": "76f26310379559828a573bcd5658668f", "metadata": "76f26310379559828a573bcd5658668f"}, "341": {"filename": "5a1d422bb5f2b98eda5e889feb5a4f68", "name": "5a1d422bb5f2b98eda5e889feb5a4f68", "metadata": "5a1d422bb5f2b98eda5e889feb5a4f68"}, "342": {"filename": "d5f249a6f94ec00900b2f3b19d32c2d7", "name": "d5f249a6f94ec00900b2f3b19d32c2d7", "metadata": "d5f249a6f94ec00900b2f3b19d32c2d7"}, "343": {"filename": "1eea2c0394001f573f26811ff87a2b5f", "name": "1eea2c0394001f573f26811ff87a2b5f", "metadata": "1eea2c0394001f573f26811ff87a2b5f"}, "344": {"filename": "370bc991565f139b3d3fac5abe67edd4", "name": "370bc991565f139b3d3fac5abe67edd4", "metadata": "370bc991565f139b3d3fac5abe67edd4"}, "345": {"filename": "b411dfc35d70efa0da4abe91f94054b5", "name": "b411dfc35d70efa0da4abe91f94054b5", "metadata": "b411dfc35d70efa0da4abe91f94054b5"}, "346": {"filename": "3613acd7c0c054d36286bb8b350d777a", "name": "3613acd7c0c054d36286bb8b350d777a", "metadata": "3613acd7c0c054d36286bb8b350d777a"}, "347": {"filename": "1229f48f4cff0ff2805c941bbbeca41b", "name": "1229f48f4cff0ff2805c941bbbeca41b", "metadata": "1229f48f4cff0ff2805c941bbbeca41b"}, "348": {"filename": "e1163ef72b76bf57aa030f2faec03315", "name": "e1163ef72b76bf57aa030f2faec03315", "metadata": "e1163ef72b76bf57aa030f2faec03315"}, "349": {"filename": "faf6b33512c9b63474d2fc945bcb8c44", "name": "faf6b33512c9b63474d2fc945bcb8c44", "metadata": "faf6b33512c9b63474d2fc945bcb8c44"}, "350": {"filename": "52e60d6f28965ca7d17879efeccc6c66", "name": "52e60d6f28965ca7d17879efeccc6c66", "metadata": "52e60d6f28965ca7d17879efeccc6c66"}, "351": {"filename": "09ec238a594ede21fef768c2d73f0836", "name": "09ec238a594ede21fef768c2d73f0836", "metadata": "09ec238a594ede21fef768c2d73f0836"}, "352": {"filename": "84fb6612997429c96f915b9defc7c0f9", "name": "84fb6612997429c96f915b9defc7c0f9", "metadata": "84fb6612997429c96f915b9defc7c0f9"}, "353": {"filename": "00c3f79dd4288ee4da5a904482e95a3f", "name": "00c3f79dd4288ee4da5a904482e95a3f", "metadata": "00c3f79dd4288ee4da5a904482e95a3f"}, "354": {"filename": "c7ef2f3cc9db57925806acb79b1900a0", "name": "c7ef2f3cc9db57925806acb79b1900a0", "metadata": "c7ef2f3cc9db57925806acb79b1900a0"}, "355": {"filename": "6b58159a9f964c130059c321c1923252", "name": "6b58159a9f964c130059c321c1923252", "metadata": "6b58159a9f964c130059c321c1923252"}, "356": {"filename": "34d61f7ba94e50b548ba9d8ddd99c4db", "name": "34d61f7ba94e50b548ba9d8ddd99c4db", "metadata": "34d61f7ba94e50b548ba9d8ddd99c4db"}, "357": {"filename": "e60a205c8c285bd62de41af1f78e1790", "name": "e60a205c8c285bd62de41af1f78e1790", "metadata": "e60a205c8c285bd62de41af1f78e1790"}, "358": {"filename": "6d24b58910ff6318293b5d31c6522c66", "name": "6d24b58910ff6318293b5d31c6522c66", "metadata": "6d24b58910ff6318293b5d31c6522c66"}, "359": {"filename": "28d1ad3d28f7d5ae28cf965259583046", "name": "28d1ad3d28f7d5ae28cf965259583046", "metadata": "28d1ad3d28f7d5ae28cf965259583046"}, "360": {"filename": "b2ee382a50ecaed830fc9986297c6843", "name": "b2ee382a50ecaed830fc9986297c6843", "metadata": "b2ee382a50ecaed830fc9986297c6843"}, "361": {"filename": "6d0e188509d9032dda502d3f4a84a74f", "name": "6d0e188509d9032dda502d3f4a84a74f", "metadata": "6d0e188509d9032dda502d3f4a84a74f"}, "362": {"filename": "bbf68dc5e26e51052b93996879c4d678", "name": "bbf68dc5e26e51052b93996879c4d678", "metadata": "bbf68dc5e26e51052b93996879c4d678"}, "363": {"filename": "6132d1c1e7c0da335dfeb4680247f922", "name": "6132d1c1e7c0da335dfeb4680247f922", "metadata": "6132d1c1e7c0da335dfeb4680247f922"}, "364": {"filename": "14c28932f57310b227c89825e8713c68", "name": "14c28932f57310b227c89825e8713c68", "metadata": "14c28932f57310b227c89825e8713c68"}, "365": {"filename": "745fe721393f974e08187a166ed00cd4", "name": "745fe721393f974e08187a166ed00cd4", "metadata": "745fe721393f974e08187a166ed00cd4"}, "366": {"filename": "c9ad69aab2766c2d6a4da4708de3a708", "name": "c9ad69aab2766c2d6a4da4708de3a708", "metadata": "c9ad69aab2766c2d6a4da4708de3a708"}, "367": {"filename": "a3e0c874c0148dd927a5b0de4aeebfc5", "name": "a3e0c874c0148dd927a5b0de4aeebfc5", "metadata": "a3e0c874c0148dd927a5b0de4aeebfc5"}, "368": {"filename": "b358110c7c0c4fe08ed3d8e105e975f0", "name": "b358110c7c0c4fe08ed3d8e105e975f0", "metadata": "b358110c7c0c4fe08ed3d8e105e975f0"}, "369": {"filename": "7d9f423616e326f549c00cb00052e17e", "name": "7d9f423616e326f549c00cb00052e17e", "metadata": "7d9f423616e326f549c00cb00052e17e"}, "370": {"filename": "60b17d6078ae4d93dafbbab026854a65", "name": "60b17d6078ae4d93dafbbab026854a65", "metadata": "60b17d6078ae4d93dafbbab026854a65"}, "371": {"filename": "5d70612559aab9cb4e4d88fd235b9610", "name": "5d70612559aab9cb4e4d88fd235b9610", "metadata": "5d70612559aab9cb4e4d88fd235b9610"}, "372": {"filename": "0cd4c9527f26fc41161fd0fa19ac2df1", "name": "0cd4c9527f26fc41161fd0fa19ac2df1", "metadata": "0cd4c9527f26fc41161fd0fa19ac2df1"}, "373": {"filename": "b5ec06ad4f3db3ef746f99888c1a83f2", "name": "b5ec06ad4f3db3ef746f99888c1a83f2", "metadata": "b5ec06ad4f3db3ef746f99888c1a83f2"}, "374": {"filename": "0faee9aa740135c8b7b4e14431327426", "name": "0faee9aa740135c8b7b4e14431327426", "metadata": "0faee9aa740135c8b7b4e14431327426"}, "375": {"filename": "cff78e914015af959f7ce0c0b0042d1a", "name": "cff78e914015af959f7ce0c0b0042d1a", "metadata": "cff78e914015af959f7ce0c0b0042d1a"}, "376": {"filename": "1f1797e190d8bc575448ba00feb4b3fb", "name": "1f1797e190d8bc575448ba00feb4b3fb", "metadata": "1f1797e190d8bc575448ba00feb4b3fb"}, "377": {"filename": "068a9e55165b8fde3f6656278802bcf0", "name": "068a9e55165b8fde3f6656278802bcf0", "metadata": "068a9e55165b8fde3f6656278802bcf0"}, "378": {"filename": "f27ca42a9b797c61bb10ea5985f6d17e", "name": "f27ca42a9b797c61bb10ea5985f6d17e", "metadata": "f27ca42a9b797c61bb10ea5985f6d17e"}, "379": {"filename": "352609e6eb318a7afee44cfe14accd06", "name": "352609e6eb318a7afee44cfe14accd06", "metadata": "352609e6eb318a7afee44cfe14accd06"}, "380": {"filename": "14c28932f57310b227c89825e8713c68_0", "name": "14c28932f57310b227c89825e8713c68", "metadata": "14c28932f57310b227c89825e8713c68"}, "381": {"filename": "3acf950b2c3a53a5ecdc6d950e9a04ea", "name": "3acf950b2c3a53a5ecdc6d950e9a04ea", "metadata": "3acf950b2c3a53a5ecdc6d950e9a04ea"}, "382": {"filename": "9df4b827d1986872496d2fb58ac640cb", "name": "9df4b827d1986872496d2fb58ac640cb", "metadata": "9df4b827d1986872496d2fb58ac640cb"}, "383": {"filename": "42653b6c3695611321b0c4c3c003fb9d", "name": "42653b6c3695611321b0c4c3c003fb9d", "metadata": "42653b6c3695611321b0c4c3c003fb9d"}, "384": {"filename": "a77c4e1228c2d169a3806f01c7a73740", "name": "a77c4e1228c2d169a3806f01c7a73740", "metadata": "a77c4e1228c2d169a3806f01c7a73740"}, "385": {"filename": "ece0918182bca06fcd01dda0e89ec499", "name": "ece0918182bca06fcd01dda0e89ec499", "metadata": "ece0918182bca06fcd01dda0e89ec499"}, "386": {"filename": "4682b71844557201b65943360021da0a", "name": "4682b71844557201b65943360021da0a", "metadata": "4682b71844557201b65943360021da0a"}, "387": {"filename": "3c77e8f8467f98eba8dde4d079f35db2", "name": "3c77e8f8467f98eba8dde4d079f35db2", "metadata": "3c77e8f8467f98eba8dde4d079f35db2"}, "388": {"filename": "09e51ef584f765a1c47021f9b3bcb2f1", "name": "09e51ef584f765a1c47021f9b3bcb2f1", "metadata": "09e51ef584f765a1c47021f9b3bcb2f1"}, "389": {"filename": "505f7e71abd3a20767f85e432bfbd34b", "name": "505f7e71abd3a20767f85e432bfbd34b", "metadata": "505f7e71abd3a20767f85e432bfbd34b"}, "390": {"filename": "844b6f1eacf493f96976e0aa3ff4e306", "name": "844b6f1eacf493f96976e0aa3ff4e306", "metadata": "844b6f1eacf493f96976e0aa3ff4e306"}, "391": {"filename": "db159b972bbb89c0d5031a937a9be80a", "name": "db159b972bbb89c0d5031a937a9be80a", "metadata": "db159b972bbb89c0d5031a937a9be80a"}, "392": {"filename": "05a3480ad7fd3c6b46a6010187cfabb2", "name": "05a3480ad7fd3c6b46a6010187cfabb2", "metadata": "05a3480ad7fd3c6b46a6010187cfabb2"}, "393": {"filename": "31ae1ecbdbd82d52501b8bf4158d4d0d", "name": "31ae1ecbdbd82d52501b8bf4158d4d0d", "metadata": "31ae1ecbdbd82d52501b8bf4158d4d0d"}, "394": {"filename": "a3d729cb2177233b55faf6e0f22c9a5e", "name": "a3d729cb2177233b55faf6e0f22c9a5e", "metadata": "a3d729cb2177233b55faf6e0f22c9a5e"}, "395": {"filename": "d68e17c1cbb4fca3a7f128264b73d1bf", "name": "d68e17c1cbb4fca3a7f128264b73d1bf", "metadata": "d68e17c1cbb4fca3a7f128264b73d1bf"}, "396": {"filename": "2a7c94a23ed27091aad6cc1ee206aa7d", "name": "2a7c94a23ed27091aad6cc1ee206aa7d", "metadata": "2a7c94a23ed27091aad6cc1ee206aa7d"}, "397": {"filename": "b7e09c1f57abe1e76bf30d27d821d896", "name": "b7e09c1f57abe1e76bf30d27d821d896", "metadata": "b7e09c1f57abe1e76bf30d27d821d896"}, "398": {"filename": "ec2fc0305d2f91b3f1405cee6ef31a96", "name": "ec2fc0305d2f91b3f1405cee6ef31a96", "metadata": "ec2fc0305d2f91b3f1405cee6ef31a96"}, "399": {"filename": "355020c590c26def455194e67be6e9e3", "name": "355020c590c26def455194e67be6e9e3", "metadata": "355020c590c26def455194e67be6e9e3"}, "400": {"filename": "e495735e20f46ec6827abd72e1abef30", "name": "e495735e20f46ec6827abd72e1abef30", "metadata": "e495735e20f46ec6827abd72e1abef30"}, "401": {"filename": "360fd01b6814a5d59e323ea57081efa1", "name": "360fd01b6814a5d59e323ea57081efa1", "metadata": "360fd01b6814a5d59e323ea57081efa1"}, "402": {"filename": "fefd64f030b125f074f42571ef5c67e5", "name": "fefd64f030b125f074f42571ef5c67e5", "metadata": "fefd64f030b125f074f42571ef5c67e5"}, "403": {"filename": "b1b56a1e70c23c5857fead1ffa17c929", "name": "b1b56a1e70c23c5857fead1ffa17c929", "metadata": "b1b56a1e70c23c5857fead1ffa17c929"}, "404": {"filename": "088b051f1ad3e81b7d08ba9bc8d89229", "name": "088b051f1ad3e81b7d08ba9bc8d89229", "metadata": "088b051f1ad3e81b7d08ba9bc8d89229"}, "405": {"filename": "bc04ad8a494adb62eef1d876eb6900c2", "name": "bc04ad8a494adb62eef1d876eb6900c2", "metadata": "bc04ad8a494adb62eef1d876eb6900c2"}, "406": {"filename": "a32e0bd41c201d038dd230620c90fe35", "name": "a32e0bd41c201d038dd230620c90fe35", "metadata": "a32e0bd41c201d038dd230620c90fe35"}, "407": {"filename": "34fa1ab5f9cc2dc4ed96d124adce62bc", "name": "34fa1ab5f9cc2dc4ed96d124adce62bc", "metadata": "34fa1ab5f9cc2dc4ed96d124adce62bc"}, "408": {"filename": "c74dc92671e33725375a52d94a92e84f_0", "name": "c74dc92671e33725375a52d94a92e84f", "metadata": "c74dc92671e33725375a52d94a92e84f"}, "409": {"filename": "a8a74e781ef0531bae91c3ad116fd888", "name": "a8a74e781ef0531bae91c3ad116fd888", "metadata": "a8a74e781ef0531bae91c3ad116fd888"}, "410": {"filename": "3c3f1d0256d28b0f8cc98677664ed1d7", "name": "3c3f1d0256d28b0f8cc98677664ed1d7", "metadata": "3c3f1d0256d28b0f8cc98677664ed1d7"}, "411": {"filename": "b5bd028b084c14ec0d0a7b70c01d3c73", "name": "b5bd028b084c14ec0d0a7b70c01d3c73", "metadata": "b5bd028b084c14ec0d0a7b70c01d3c73"}, "412": {"filename": "968d9def3a3f82c7635083159bef8b53", "name": "968d9def3a3f82c7635083159bef8b53", "metadata": "968d9def3a3f82c7635083159bef8b53"}, "413": {"filename": "edece8424a03bef7bef7894c902ddd1c", "name": "edece8424a03bef7bef7894c902ddd1c", "metadata": "edece8424a03bef7bef7894c902ddd1c"}, "414": {"filename": "c74dc92671e33725375a52d94a92e84f_1", "name": "c74dc92671e33725375a52d94a92e84f", "metadata": "c74dc92671e33725375a52d94a92e84f"}, "415": {"filename": "63085b29626c0ad1010205065d7b9ab3", "name": "63085b29626c0ad1010205065d7b9ab3", "metadata": "63085b29626c0ad1010205065d7b9ab3"}, "416": {"filename": "6dd0ceda262769aa40db2e3dc0e0429c", "name": "6dd0ceda262769aa40db2e3dc0e0429c", "metadata": "6dd0ceda262769aa40db2e3dc0e0429c"}, "417": {"filename": "fc8e7be09c10047471ac18429cf2ae47", "name": "fc8e7be09c10047471ac18429cf2ae47", "metadata": "fc8e7be09c10047471ac18429cf2ae47"}, "418": {"filename": "1635c9a7aabecd777a988b2287d4564c", "name": "1635c9a7aabecd777a988b2287d4564c", "metadata": "1635c9a7aabecd777a988b2287d4564c"}, "419": {"filename": "96312e64012a3f8e577a88490968ee5a", "name": "96312e64012a3f8e577a88490968ee5a", "metadata": "96312e64012a3f8e577a88490968ee5a"}, "420": {"filename": "1e99794c447541a90d41bccd3a48c357", "name": "1e99794c447541a90d41bccd3a48c357", "metadata": "1e99794c447541a90d41bccd3a48c357"}, "421": {"filename": "6c85a7e8ae9679953cc4bf48a1cf4a8f", "name": "6c85a7e8ae9679953cc4bf48a1cf4a8f", "metadata": "6c85a7e8ae9679953cc4bf48a1cf4a8f"}, "422": {"filename": "5e32511cb8099ce192b82f9fa85574aa", "name": "5e32511cb8099ce192b82f9fa85574aa", "metadata": "5e32511cb8099ce192b82f9fa85574aa"}, "423": {"filename": "72bdd12636db5dfa7b8e2cff1f2d810c", "name": "72bdd12636db5dfa7b8e2cff1f2d810c", "metadata": "72bdd12636db5dfa7b8e2cff1f2d810c"}, "424": {"filename": "f99db76bf2f0bc040fbeaf5d196eed20", "name": "f99db76bf2f0bc040fbeaf5d196eed20", "metadata": "f99db76bf2f0bc040fbeaf5d196eed20"}, "425": {"filename": "dbab99b450bb9c500865c57add0c3ada", "name": "dbab99b450bb9c500865c57add0c3ada", "metadata": "dbab99b450bb9c500865c57add0c3ada"}, "426": {"filename": "cc2ce084298637ba4a5577603ba72a4d", "name": "cc2ce084298637ba4a5577603ba72a4d", "metadata": "cc2ce084298637ba4a5577603ba72a4d"}, "427": {"filename": "91f921f050b7de9c9da3528b3312982b", "name": "91f921f050b7de9c9da3528b3312982b", "metadata": "91f921f050b7de9c9da3528b3312982b"}, "428": {"filename": "4487db88003f2f2e09a7358cdbfcbf6f", "name": "4487db88003f2f2e09a7358cdbfcbf6f", "metadata": "4487db88003f2f2e09a7358cdbfcbf6f"}, "429": {"filename": "a758d7d1deedd53bc9b82c0592131531", "name": "a758d7d1deedd53bc9b82c0592131531", "metadata": "a758d7d1deedd53bc9b82c0592131531"}, "430": {"filename": "0384e9f4221cb31030f2c4b796d1ba24", "name": "0384e9f4221cb31030f2c4b796d1ba24", "metadata": "0384e9f4221cb31030f2c4b796d1ba24"}, "431": {"filename": "9b1df0d2a46ec5845dce952766475b16", "name": "9b1df0d2a46ec5845dce952766475b16", "metadata": "9b1df0d2a46ec5845dce952766475b16"}, "432": {"filename": "3b1ba2acaf2e6a7f47b07e193eb79b52", "name": "3b1ba2acaf2e6a7f47b07e193eb79b52", "metadata": "3b1ba2acaf2e6a7f47b07e193eb79b52"}, "433": {"filename": "0cc0fe43dcfadfb85a54642899d8b55e", "name": "0cc0fe43dcfadfb85a54642899d8b55e", "metadata": "0cc0fe43dcfadfb85a54642899d8b55e"}, "434": {"filename": "03b2be19e7f85ddc8bfd7034ff4c20f1", "name": "03b2be19e7f85ddc8bfd7034ff4c20f1", "metadata": "03b2be19e7f85ddc8bfd7034ff4c20f1"}, "435": {"filename": "fce2cb11e941581239b7cb1e6a02729a", "name": "fce2cb11e941581239b7cb1e6a02729a", "metadata": "fce2cb11e941581239b7cb1e6a02729a"}, "436": {"filename": "f12dede2058df9028778b47047fabf56", "name": "f12dede2058df9028778b47047fabf56", "metadata": "f12dede2058df9028778b47047fabf56"}, "437": {"filename": "fff5c3d18be5ac289cc77349d46284ac", "name": "fff5c3d18be5ac289cc77349d46284ac", "metadata": "fff5c3d18be5ac289cc77349d46284ac"}, "438": {"filename": "42a59ff4c07643ee5f2ad0ec5e7a0124", "name": "42a59ff4c07643ee5f2ad0ec5e7a0124", "metadata": "42a59ff4c07643ee5f2ad0ec5e7a0124"}, "439": {"filename": "8c402356af997df45f28ca57f6165593", "name": "8c402356af997df45f28ca57f6165593", "metadata": "8c402356af997df45f28ca57f6165593"}, "440": {"filename": "01926aa8af6efae0594169c3f0420502", "name": "01926aa8af6efae0594169c3f0420502", "metadata": "01926aa8af6efae0594169c3f0420502"}, "441": {"filename": "c58ccb9ceeaa4493dcf90714efa52229", "name": "c58ccb9ceeaa4493dcf90714efa52229", "metadata": "c58ccb9ceeaa4493dcf90714efa52229"}, "442": {"filename": "b77eac0eba81e03aa3a530db49d07990", "name": "b77eac0eba81e03aa3a530db49d07990", "metadata": "b77eac0eba81e03aa3a530db49d07990"}, "443": {"filename": "09d50d99a5843e0cdd4e86ba803e5f3b", "name": "09d50d99a5843e0cdd4e86ba803e5f3b", "metadata": "09d50d99a5843e0cdd4e86ba803e5f3b"}, "444": {"filename": "4e8b98cc5a39f4c4d268ddc485c44d50", "name": "4e8b98cc5a39f4c4d268ddc485c44d50", "metadata": "4e8b98cc5a39f4c4d268ddc485c44d50"}, "445": {"filename": "1076612a4c9770083c7010e2ddde451c", "name": "1076612a4c9770083c7010e2ddde451c", "metadata": "1076612a4c9770083c7010e2ddde451c"}, "446": {"filename": "f28b5bd4cef43c35f04ec6681b6f227e", "name": "f28b5bd4cef43c35f04ec6681b6f227e", "metadata": "f28b5bd4cef43c35f04ec6681b6f227e"}, "447": {"filename": "e7a05126f204ad5f0cc95323ffe55276", "name": "e7a05126f204ad5f0cc95323ffe55276", "metadata": "e7a05126f204ad5f0cc95323ffe55276"}, "448": {"filename": "07e2a4c46bc665ab63f48b0528540ed4", "name": "07e2a4c46bc665ab63f48b0528540ed4", "metadata": "07e2a4c46bc665ab63f48b0528540ed4"}, "449": {"filename": "abc45c3b29acbcdc7fbbf4b0043013ce", "name": "abc45c3b29acbcdc7fbbf4b0043013ce", "metadata": "abc45c3b29acbcdc7fbbf4b0043013ce"}, "450": {"filename": "b226a28bececa617a71f2d8850563191", "name": "b226a28bececa617a71f2d8850563191", "metadata": "b226a28bececa617a71f2d8850563191"}, "451": {"filename": "f427f4642232811cb901164e86cd470b", "name": "f427f4642232811cb901164e86cd470b", "metadata": "f427f4642232811cb901164e86cd470b"}, "452": {"filename": "6cfef191dda2adadbca5559de2b8d104", "name": "6cfef191dda2adadbca5559de2b8d104", "metadata": "6cfef191dda2adadbca5559de2b8d104"}, "453": {"filename": "2123f10deb935f92fc972d7927e5107c", "name": "2123f10deb935f92fc972d7927e5107c", "metadata": "2123f10deb935f92fc972d7927e5107c"}, "454": {"filename": "b2871d22dca7982446c88c383fe47fb9", "name": "b2871d22dca7982446c88c383fe47fb9", "metadata": "b2871d22dca7982446c88c383fe47fb9"}, "455": {"filename": "be1f19daf289d0c9c34fd93eea8412bb", "name": "be1f19daf289d0c9c34fd93eea8412bb", "metadata": "be1f19daf289d0c9c34fd93eea8412bb"}, "456": {"filename": "4cbef643df61ac15089cc5ffd60ff432", "name": "4cbef643df61ac15089cc5ffd60ff432", "metadata": "4cbef643df61ac15089cc5ffd60ff432"}, "457": {"filename": "62fd495782c4222f3aa5a1e11788cb5d", "name": "62fd495782c4222f3aa5a1e11788cb5d", "metadata": "62fd495782c4222f3aa5a1e11788cb5d"}, "458": {"filename": "626b92d55dcd3f2ffbb08c014d9dd835", "name": "626b92d55dcd3f2ffbb08c014d9dd835", "metadata": "626b92d55dcd3f2ffbb08c014d9dd835"}, "459": {"filename": "045008ba9e48e75edd914fc229aee711", "name": "045008ba9e48e75edd914fc229aee711", "metadata": "045008ba9e48e75edd914fc229aee711"}, "460": {"filename": "ebeb5bbb18835de01ff1270d19f4240e", "name": "ebeb5bbb18835de01ff1270d19f4240e", "metadata": "ebeb5bbb18835de01ff1270d19f4240e"}, "461": {"filename": "1733626d2eaf5e60781a61501b5d767c", "name": "1733626d2eaf5e60781a61501b5d767c", "metadata": "1733626d2eaf5e60781a61501b5d767c"}, "462": {"filename": "b7723c718c88172a6d15a84f507a2f5e", "name": "b7723c718c88172a6d15a84f507a2f5e", "metadata": "b7723c718c88172a6d15a84f507a2f5e"}, "463": {"filename": "901f70cd954721013282c87d87f38d6b", "name": "901f70cd954721013282c87d87f38d6b", "metadata": "901f70cd954721013282c87d87f38d6b"}, "464": {"filename": "514df66814e9e50d76cbf712e109c2db", "name": "514df66814e9e50d76cbf712e109c2db", "metadata": "514df66814e9e50d76cbf712e109c2db"}, "465": {"filename": "1f50e304cb8519b2c1bc2ec451aabc90", "name": "1f50e304cb8519b2c1bc2ec451aabc90", "metadata": "1f50e304cb8519b2c1bc2ec451aabc90"}, "466": {"filename": "b929c29a62361b43dcb3dfc4516abc65", "name": "b929c29a62361b43dcb3dfc4516abc65", "metadata": "b929c29a62361b43dcb3dfc4516abc65"}, "467": {"filename": "55f7dc2a7f88c5860addf16d3e9d8e36", "name": "55f7dc2a7f88c5860addf16d3e9d8e36", "metadata": "55f7dc2a7f88c5860addf16d3e9d8e36"}, "468": {"filename": "724b060a26ee37cc8c569303c3a44a20", "name": "724b060a26ee37cc8c569303c3a44a20", "metadata": "724b060a26ee37cc8c569303c3a44a20"}, "469": {"filename": "e93a1aecab2ac5cb9239acf0f18b140d", "name": "e93a1aecab2ac5cb9239acf0f18b140d", "metadata": "e93a1aecab2ac5cb9239acf0f18b140d"}, "470": {"filename": "5b86d5238e97961b6e7dae900d171a22", "name": "5b86d5238e97961b6e7dae900d171a22", "metadata": "5b86d5238e97961b6e7dae900d171a22"}, "471": {"filename": "5df56a4331fd301118a4c5b0f925dbc4", "name": "5df56a4331fd301118a4c5b0f925dbc4", "metadata": "5df56a4331fd301118a4c5b0f925dbc4"}, "472": {"filename": "9d18678320340255363557eaf8f3ef72", "name": "9d18678320340255363557eaf8f3ef72", "metadata": "9d18678320340255363557eaf8f3ef72"}, "473": {"filename": "de12c4695ff1a431b50bada121dfcae6", "name": "de12c4695ff1a431b50bada121dfcae6", "metadata": "de12c4695ff1a431b50bada121dfcae6"}, "474": {"filename": "0e7a301591201dc98fdeb639ddaccd31", "name": "0e7a301591201dc98fdeb639ddaccd31", "metadata": "0e7a301591201dc98fdeb639ddaccd31"}, "475": {"filename": "d4127b2ee67a4cf24fed0fedb5a33391", "name": "d4127b2ee67a4cf24fed0fedb5a33391", "metadata": "d4127b2ee67a4cf24fed0fedb5a33391"}, "476": {"filename": "2e2c183ce0ae7443f4f41bc1ee7a68cb", "name": "2e2c183ce0ae7443f4f41bc1ee7a68cb", "metadata": "2e2c183ce0ae7443f4f41bc1ee7a68cb"}, "477": {"filename": "c9d4e8b8e73f66344e6a00ac6287d0c4", "name": "c9d4e8b8e73f66344e6a00ac6287d0c4", "metadata": "c9d4e8b8e73f66344e6a00ac6287d0c4"}, "478": {"filename": "c7a8befbf9a04340bf715f61475c55ff", "name": "c7a8befbf9a04340bf715f61475c55ff", "metadata": "c7a8befbf9a04340bf715f61475c55ff"}, "479": {"filename": "75e405ac4f0b08e4807f819dba7fef1a", "name": "75e405ac4f0b08e4807f819dba7fef1a", "metadata": "75e405ac4f0b08e4807f819dba7fef1a"}, "480": {"filename": "11a91fd45e94b6fb8781cf575d042b96", "name": "11a91fd45e94b6fb8781cf575d042b96", "metadata": "11a91fd45e94b6fb8781cf575d042b96"}, "481": {"filename": "2003fadcea42c114939bcb3610caf21d", "name": "2003fadcea42c114939bcb3610caf21d", "metadata": "2003fadcea42c114939bcb3610caf21d"}, "482": {"filename": "131e2b731d928dbaa39fa639815fccee", "name": "131e2b731d928dbaa39fa639815fccee", "metadata": "131e2b731d928dbaa39fa639815fccee"}, "483": {"filename": "40e21b2b5ae7adebe2b8efbfa598cb29", "name": "40e21b2b5ae7adebe2b8efbfa598cb29", "metadata": "40e21b2b5ae7adebe2b8efbfa598cb29"}, "484": {"filename": "34150ad5a666b7e3208b7331788f42d8", "name": "34150ad5a666b7e3208b7331788f42d8", "metadata": "34150ad5a666b7e3208b7331788f42d8"}, "485": {"filename": "1fde2efe0959e37f9bbf7f874de11a84", "name": "1fde2efe0959e37f9bbf7f874de11a84", "metadata": "1fde2efe0959e37f9bbf7f874de11a84"}, "486": {"filename": "64589267196a8029e7660253b676d3d8", "name": "64589267196a8029e7660253b676d3d8", "metadata": "64589267196a8029e7660253b676d3d8"}, "487": {"filename": "92b0488f2a85835ac85d108c7f5a6bf8", "name": "92b0488f2a85835ac85d108c7f5a6bf8", "metadata": "92b0488f2a85835ac85d108c7f5a6bf8"}, "488": {"filename": "7b95b87ec58bab5900426e3ab380ecda", "name": "7b95b87ec58bab5900426e3ab380ecda", "metadata": "7b95b87ec58bab5900426e3ab380ecda"}, "489": {"filename": "5af1d958d3cf6f839228120aa984047b", "name": "5af1d958d3cf6f839228120aa984047b", "metadata": "5af1d958d3cf6f839228120aa984047b"}, "490": {"filename": "7d6b62e688c8d55e64fd686884d160be", "name": "7d6b62e688c8d55e64fd686884d160be", "metadata": "7d6b62e688c8d55e64fd686884d160be"}, "491": {"filename": "4c14485caeea175eb776247bc774286a", "name": "4c14485caeea175eb776247bc774286a", "metadata": "4c14485caeea175eb776247bc774286a"}, "492": {"filename": "f986e8ee6c2ccc0122265e7d1dd2b72c", "name": "f986e8ee6c2ccc0122265e7d1dd2b72c", "metadata": "f986e8ee6c2ccc0122265e7d1dd2b72c"}, "493": {"filename": "7f7c35559b162429aa15aa745ab4f084", "name": "7f7c35559b162429aa15aa745ab4f084", "metadata": "7f7c35559b162429aa15aa745ab4f084"}, "494": {"filename": "da521b21aa6e5cb474c52b1830d19b6b", "name": "da521b21aa6e5cb474c52b1830d19b6b", "metadata": "da521b21aa6e5cb474c52b1830d19b6b"}, "495": {"filename": "e0110e5400e3e3226860778b699ef9c9", "name": "e0110e5400e3e3226860778b699ef9c9", "metadata": "e0110e5400e3e3226860778b699ef9c9"}, "496": {"filename": "f9ee480b9dbd0ce398b0d5596c2e0032", "name": "f9ee480b9dbd0ce398b0d5596c2e0032", "metadata": "f9ee480b9dbd0ce398b0d5596c2e0032"}, "497": {"filename": "fd46cd444803ca0095345757492627c2", "name": "fd46cd444803ca0095345757492627c2", "metadata": "fd46cd444803ca0095345757492627c2"}, "498": {"filename": "1b04d431ddde53c0f3163e3714470cbc", "name": "1b04d431ddde53c0f3163e3714470cbc", "metadata": "1b04d431ddde53c0f3163e3714470cbc"}, "499": {"filename": "a94035d8af57e50c022511eb8a6136a2", "name": "a94035d8af57e50c022511eb8a6136a2", "metadata": "a94035d8af57e50c022511eb8a6136a2"}, "500": {"filename": "9283c6c262eeb5832fbf8b85461327df", "name": "9283c6c262eeb5832fbf8b85461327df", "metadata": "9283c6c262eeb5832fbf8b85461327df"}, "501": {"filename": "1a3b4cf5046b13e57214f76a296e7f3a", "name": "1a3b4cf5046b13e57214f76a296e7f3a", "metadata": "1a3b4cf5046b13e57214f76a296e7f3a"}, "502": {"filename": "d4c1652c7252e79ec698676003f3927e", "name": "d4c1652c7252e79ec698676003f3927e", "metadata": "d4c1652c7252e79ec698676003f3927e"}, "503": {"filename": "e818ef573dbde28022010209f7293665", "name": "e818ef573dbde28022010209f7293665", "metadata": "e818ef573dbde28022010209f7293665"}, "504": {"filename": "b7723c718c88172a6d15a84f507a2f5e_0", "name": "b7723c718c88172a6d15a84f507a2f5e", "metadata": "b7723c718c88172a6d15a84f507a2f5e"}, "505": {"filename": "cde8e7a40fa4be617d86b6a9c69f62de", "name": "cde8e7a40fa4be617d86b6a9c69f62de", "metadata": "cde8e7a40fa4be617d86b6a9c69f62de"}, "506": {"filename": "acbcfec6eedba557a648026b62fc195a", "name": "acbcfec6eedba557a648026b62fc195a", "metadata": "acbcfec6eedba557a648026b62fc195a"}, "507": {"filename": "471be810bd86d5f15f84fc69e63aa7bb", "name": "471be810bd86d5f15f84fc69e63aa7bb", "metadata": "471be810bd86d5f15f84fc69e63aa7bb"}, "508": {"filename": "fab570677c31e54ffb24488a2369ffdf", "name": "fab570677c31e54ffb24488a2369ffdf", "metadata": "fab570677c31e54ffb24488a2369ffdf"}, "509": {"filename": "72ab2decdb4935cc6cd0a479b508bd75", "name": "72ab2decdb4935cc6cd0a479b508bd75", "metadata": "72ab2decdb4935cc6cd0a479b508bd75"}, "510": {"filename": "fc949b95661bc6a3ae0c74166125d4f1", "name": "fc949b95661bc6a3ae0c74166125d4f1", "metadata": "fc949b95661bc6a3ae0c74166125d4f1"}, "511": {"filename": "ef1e003d21011ca5c29114f8c9c54923", "name": "ef1e003d21011ca5c29114f8c9c54923", "metadata": "ef1e003d21011ca5c29114f8c9c54923"}, "512": {"filename": "11c96cd6d7f051fcd1be94904a083676", "name": "11c96cd6d7f051fcd1be94904a083676", "metadata": "11c96cd6d7f051fcd1be94904a083676"}, "513": {"filename": "a6171865119b2c69e76f02f3b37d434c", "name": "a6171865119b2c69e76f02f3b37d434c", "metadata": "a6171865119b2c69e76f02f3b37d434c"}, "514": {"filename": "bf0623e3ed40ac296000b3a49e0dd75c", "name": "bf0623e3ed40ac296000b3a49e0dd75c", "metadata": "bf0623e3ed40ac296000b3a49e0dd75c"}, "515": {"filename": "84160f3b7eccbc6ecaf555f7e2216a19", "name": "84160f3b7eccbc6ecaf555f7e2216a19", "metadata": "84160f3b7eccbc6ecaf555f7e2216a19"}, "516": {"filename": "019a1431ef12ec52aec7ea92c6d391f6", "name": "019a1431ef12ec52aec7ea92c6d391f6", "metadata": "019a1431ef12ec52aec7ea92c6d391f6"}, "517": {"filename": "ca676fcef8ca535ae2a00ff88b1912f7", "name": "ca676fcef8ca535ae2a00ff88b1912f7", "metadata": "ca676fcef8ca535ae2a00ff88b1912f7"}, "518": {"filename": "d38da62322613d07b93dfa7023544002", "name": "d38da62322613d07b93dfa7023544002", "metadata": "d38da62322613d07b93dfa7023544002"}, "519": {"filename": "7e15c6dd325499359e6b7780936596ee", "name": "7e15c6dd325499359e6b7780936596ee", "metadata": "7e15c6dd325499359e6b7780936596ee"}, "520": {"filename": "62b36866743642a05f2fbd87c0db4d4d", "name": "62b36866743642a05f2fbd87c0db4d4d", "metadata": "62b36866743642a05f2fbd87c0db4d4d"}, "521": {"filename": "c567524a9546630172859407e5723bf4", "name": "c567524a9546630172859407e5723bf4", "metadata": "c567524a9546630172859407e5723bf4"}, "522": {"filename": "cf97a89ce75a6e8cf53216c1aae4a9f2", "name": "cf97a89ce75a6e8cf53216c1aae4a9f2", "metadata": "cf97a89ce75a6e8cf53216c1aae4a9f2"}, "523": {"filename": "685a9c87f49559ee8256e5457838e436", "name": "685a9c87f49559ee8256e5457838e436", "metadata": "685a9c87f49559ee8256e5457838e436"}, "524": {"filename": "1e5aa04df786de50dca488b960a71d0c", "name": "1e5aa04df786de50dca488b960a71d0c", "metadata": "1e5aa04df786de50dca488b960a71d0c"}, "525": {"filename": "6788c09584b9e726d92b4d44dab50ec7", "name": "6788c09584b9e726d92b4d44dab50ec7", "metadata": "6788c09584b9e726d92b4d44dab50ec7"}, "526": {"filename": "690eecccb93150b14e23ee6fb7d74289", "name": "690eecccb93150b14e23ee6fb7d74289", "metadata": "690eecccb93150b14e23ee6fb7d74289"}, "527": {"filename": "890407fc38abbbff9f6f2bf2e150e93f", "name": "890407fc38abbbff9f6f2bf2e150e93f", "metadata": "890407fc38abbbff9f6f2bf2e150e93f"}, "528": {"filename": "612eafe89612d9b566e3fca1ce2168a8", "name": "612eafe89612d9b566e3fca1ce2168a8", "metadata": "612eafe89612d9b566e3fca1ce2168a8"}, "529": {"filename": "f9a52a53e69b2b3d5564b1252c547b21", "name": "f9a52a53e69b2b3d5564b1252c547b21", "metadata": "f9a52a53e69b2b3d5564b1252c547b21"}, "530": {"filename": "0e53f4cfa8ce4f4db36b0293ee674221", "name": "0e53f4cfa8ce4f4db36b0293ee674221", "metadata": "0e53f4cfa8ce4f4db36b0293ee674221"}, "531": {"filename": "fe2590f2667c1cbd52e3d7cd1cdf5e31", "name": "fe2590f2667c1cbd52e3d7cd1cdf5e31", "metadata": "fe2590f2667c1cbd52e3d7cd1cdf5e31"}, "532": {"filename": "52b8bfc2a12410b045d7a3d34587e790", "name": "52b8bfc2a12410b045d7a3d34587e790", "metadata": "52b8bfc2a12410b045d7a3d34587e790"}, "533": {"filename": "3c682b95866368b5731dade78517b0a0", "name": "3c682b95866368b5731dade78517b0a0", "metadata": "3c682b95866368b5731dade78517b0a0"}, "534": {"filename": "c13dd0661fa93f449f05aaae9456c61b", "name": "c13dd0661fa93f449f05aaae9456c61b", "metadata": "c13dd0661fa93f449f05aaae9456c61b"}, "535": {"filename": "9f9bae03d261424e532ed28fd086c87c", "name": "9f9bae03d261424e532ed28fd086c87c", "metadata": "9f9bae03d261424e532ed28fd086c87c"}, "536": {"filename": "e4b77d99b03d2ec4fb327b3b6c11a953", "name": "e4b77d99b03d2ec4fb327b3b6c11a953", "metadata": "e4b77d99b03d2ec4fb327b3b6c11a953"}, "537": {"filename": "c6fe39c8464d71490cdc41f1d484b650", "name": "c6fe39c8464d71490cdc41f1d484b650", "metadata": "c6fe39c8464d71490cdc41f1d484b650"}, "538": {"filename": "3be9e8db7f594c264cc03f20cf68ce6b", "name": "3be9e8db7f594c264cc03f20cf68ce6b", "metadata": "3be9e8db7f594c264cc03f20cf68ce6b"}, "539": {"filename": "87ae4bea6c7ba849b82a54e1d96574eb", "name": "87ae4bea6c7ba849b82a54e1d96574eb", "metadata": "87ae4bea6c7ba849b82a54e1d96574eb"}, "540": {"filename": "a160d037713586e33b1707a38e644fa0", "name": "a160d037713586e33b1707a38e644fa0", "metadata": "a160d037713586e33b1707a38e644fa0"}, "541": {"filename": "e33559630e03ea49253e128faf2f3444", "name": "e33559630e03ea49253e128faf2f3444", "metadata": "e33559630e03ea49253e128faf2f3444"}, "542": {"filename": "00b0ecb0fe43ac95a5126f5b362ef844", "name": "00b0ecb0fe43ac95a5126f5b362ef844", "metadata": "00b0ecb0fe43ac95a5126f5b362ef844"}, "543": {"filename": "6697715ff264049aaf506c346d225370", "name": "6697715ff264049aaf506c346d225370", "metadata": "6697715ff264049aaf506c346d225370"}, "544": {"filename": "6dcc9f28c7de5090ce17d33cc83be7ff", "name": "6dcc9f28c7de5090ce17d33cc83be7ff", "metadata": "6dcc9f28c7de5090ce17d33cc83be7ff"}, "545": {"filename": "dde42242f895017dcc2752dc80833dc7", "name": "dde42242f895017dcc2752dc80833dc7", "metadata": "dde42242f895017dcc2752dc80833dc7"}, "546": {"filename": "7d438d4064f4d70c48569caa89ce2637", "name": "7d438d4064f4d70c48569caa89ce2637", "metadata": "7d438d4064f4d70c48569caa89ce2637"}, "547": {"filename": "f5731d54c7a796d8255e88aad7606219", "name": "f5731d54c7a796d8255e88aad7606219", "metadata": "f5731d54c7a796d8255e88aad7606219"}, "548": {"filename": "72834d16a8b57a324cb8609b275735bc", "name": "72834d16a8b57a324cb8609b275735bc", "metadata": "72834d16a8b57a324cb8609b275735bc"}, "549": {"filename": "bda7b014ed5325677f3b92631cfa6d2e", "name": "bda7b014ed5325677f3b92631cfa6d2e", "metadata": "bda7b014ed5325677f3b92631cfa6d2e"}, "550": {"filename": "a02d5f7cdf29d85b2f8ac982649e05df", "name": "a02d5f7cdf29d85b2f8ac982649e05df", "metadata": "a02d5f7cdf29d85b2f8ac982649e05df"}, "551": {"filename": "6ccd463004ffbe92f61e2cefb83964e2", "name": "6ccd463004ffbe92f61e2cefb83964e2", "metadata": "6ccd463004ffbe92f61e2cefb83964e2"}, "552": {"filename": "57a8f7a88f625768d0a7f837ee16ebd8", "name": "57a8f7a88f625768d0a7f837ee16ebd8", "metadata": "57a8f7a88f625768d0a7f837ee16ebd8"}, "553": {"filename": "e792417a8867568b17d34a2576b34a77", "name": "e792417a8867568b17d34a2576b34a77", "metadata": "e792417a8867568b17d34a2576b34a77"}, "554": {"filename": "f956feb46b28952afbfc812eb1c9a3ba", "name": "f956feb46b28952afbfc812eb1c9a3ba", "metadata": "f956feb46b28952afbfc812eb1c9a3ba"}, "555": {"filename": "85c0f5e783b7406f9af9def502cb9390", "name": "85c0f5e783b7406f9af9def502cb9390", "metadata": "85c0f5e783b7406f9af9def502cb9390"}, "556": {"filename": "b42eab0e89900dcce09dca3a7cf57651", "name": "b42eab0e89900dcce09dca3a7cf57651", "metadata": "b42eab0e89900dcce09dca3a7cf57651"}, "557": {"filename": "364433455d467cc0d0c33cd9b9aa11bc", "name": "364433455d467cc0d0c33cd9b9aa11bc", "metadata": "364433455d467cc0d0c33cd9b9aa11bc"}, "558": {"filename": "61a75892532cb8e8d54d9e6a6cc667b9", "name": "61a75892532cb8e8d54d9e6a6cc667b9", "metadata": "61a75892532cb8e8d54d9e6a6cc667b9"}, "559": {"filename": "9eb14ee0c0986e25ffbe5d4d064f5bfd", "name": "9eb14ee0c0986e25ffbe5d4d064f5bfd", "metadata": "9eb14ee0c0986e25ffbe5d4d064f5bfd"}, "560": {"filename": "72834d16a8b57a324cb8609b275735bc_0", "name": "72834d16a8b57a324cb8609b275735bc", "metadata": "72834d16a8b57a324cb8609b275735bc"}, "561": {"filename": "a92d91434da88d804b2cca23051708a1", "name": "a92d91434da88d804b2cca23051708a1", "metadata": "a92d91434da88d804b2cca23051708a1"}, "562": {"filename": "89201035d2b3a80f2b35aac8e1fea965", "name": "89201035d2b3a80f2b35aac8e1fea965", "metadata": "89201035d2b3a80f2b35aac8e1fea965"}, "563": {"filename": "5369f268f90e5efba1a2672bdb000448", "name": "5369f268f90e5efba1a2672bdb000448", "metadata": "5369f268f90e5efba1a2672bdb000448"}, "564": {"filename": "6c96186c0e28c1515111ecc7a535d3cd", "name": "6c96186c0e28c1515111ecc7a535d3cd", "metadata": "6c96186c0e28c1515111ecc7a535d3cd"}}, "manifest_path": ".sbt.clindamycin_training/clindamycin_training.manifest.csv"}