{"d": 2, "version": 6, "index_type": "SBT", "storage": {"backend": "FSStorage", "args": {"path": ".sbt.fosfomycin_training"}}, "factory": {"class": "GraphFactory", "args": [1, 100000.0, 4]}, "nodes": {"0": {"filename": "internal.0", "name": "internal.0", "metadata": {"min_n_below": 4704}}, "1": {"filename": "internal.1", "name": "internal.1", "metadata": {"min_n_below": 4704}}, "2": {"filename": "internal.2", "name": "internal.2", "metadata": {"min_n_below": 5296}}, "3": {"filename": "internal.3", "name": "internal.3", "metadata": {"min_n_below": 4704}}, "4": {"filename": "internal.4", "name": "internal.4", "metadata": {"min_n_below": 5197}}, "5": {"filename": "internal.5", "name": "internal.5", "metadata": {"min_n_below": 5344}}, "6": {"filename": "internal.6", "name": "internal.6", "metadata": {"min_n_below": 5296}}, "7": {"filename": "internal.7", "name": "internal.7", "metadata": {"min_n_below": 5148}}, "8": {"filename": "internal.8", "name": "internal.8", "metadata": {"min_n_below": 4704}}, "9": {"filename": "internal.9", "name": "internal.9", "metadata": {"min_n_below": 5197}}, "10": {"filename": "internal.10", "name": "internal.10", "metadata": {"min_n_below": 5303}}, "11": {"filename": "internal.11", "name": "internal.11", "metadata": {"min_n_below": 5344}}, "12": {"filename": "internal.12", "name": "internal.12", "metadata": {"min_n_below": 5379}}, "13": {"filename": "internal.13", "name": "internal.13", "metadata": {"min_n_below": 5341}}, "14": {"filename": "internal.14", "name": "internal.14", "metadata": {"min_n_below": 5296}}, "15": {"filename": "internal.15", "name": "internal.15", "metadata": {"min_n_below": 5148}}, "16": {"filename": "internal.16", "name": "internal.16", "metadata": {"min_n_below": 5470}}, "17": {"filename": "internal.17", "name": "internal.17", "metadata": {"min_n_below": 4704}}, "18": {"filename": "internal.18", "name": "internal.18", "metadata": {"min_n_below": 5518}}, "19": {"filename": "internal.19", "name": "internal.19", "metadata": {"min_n_below": 5197}}, "20": {"filename": "internal.20", "name": "internal.20", "metadata": {"min_n_below": 5432}}, "21": {"filename": "internal.21", "name": "internal.21", "metadata": {"min_n_below": 5303}}, "22": {"filename": "internal.22", "name": "internal.22", "metadata": {"min_n_below": 5349}}}, "signatures": {"23": {"filename": "e36b3e1ac732a3a7635dd3184c44e5da", "name": "e36b3e1ac732a3a7635dd3184c44e5da", "metadata": "e36b3e1ac732a3a7635dd3184c44e5da"}, "24": {"filename": "f287c9e01a96e81382f1d7e8ddbb6760", "name": "f287c9e01a96e81382f1d7e8ddbb6760", "metadata": "f287c9e01a96e81382f1d7e8ddbb6760"}, "25": {"filename": "a0ffa89d54157e326bc48cfa566043ef", "name": "a0ffa89d54157e326bc48cfa566043ef", "metadata": "a0ffa89d54157e326bc48cfa566043ef"}, "26": {"filename": "9c79a56eff3df7e6fdbac889cfa30323", "name": "9c79a56eff3df7e6fdbac889cfa30323", "metadata": "9c79a56eff3df7e6fdbac889cfa30323"}, "27": {"filename": "5737409432fdc4dfe181edb8282d17b3", "name": "5737409432fdc4dfe181edb8282d17b3", "metadata": "5737409432fdc4dfe181edb8282d17b3"}, "28": {"filename": "2a718b397a9393461a3cc27b80af010d", "name": "2a718b397a9393461a3cc27b80af010d", "metadata": "2a718b397a9393461a3cc27b80af010d"}, "29": {"filename": "ba56587daa868bd10ccbd2ac7bffe552", "name": "ba56587daa868bd10ccbd2ac7bffe552", "metadata": "ba56587daa868bd10ccbd2ac7bffe552"}, "30": {"filename": "9d16338a1ad715e828a8c5d3ea73c7d3", "name": "9d16338a1ad715e828a8c5d3ea73c7d3", "metadata": "9d16338a1ad715e828a8c5d3ea73c7d3"}, "31": {"filename": "9baa059dff86d80d185deae2a18946db", "name": "9baa059dff86d80d185deae2a18946db", "metadata": "9baa059dff86d80d185deae2a18946db"}, "32": {"filename": "f91c0951737123af81086f394eee1d2e", "name": "f91c0951737123af81086f394eee1d2e", "metadata": "f91c0951737123af81086f394eee1d2e"}, "33": {"filename": "bda609615db500d366e087a174802d4c", "name": "bda609615db500d366e087a174802d4c", "metadata": "bda609615db500d366e087a174802d4c"}, "34": {"filename": "402d7807b8690b12b26713a9eef6082e", "name": "402d7807b8690b12b26713a9eef6082e", "metadata": "402d7807b8690b12b26713a9eef6082e"}, "35": {"filename": "d87dc4afe61496abad9dad38a87db8fe", "name": "d87dc4afe61496abad9dad38a87db8fe", "metadata": "d87dc4afe61496abad9dad38a87db8fe"}, "36": {"filename": "4f93ae663e15c27f5c9aa1b3e172f029", "name": "4f93ae663e15c27f5c9aa1b3e172f029", "metadata": "4f93ae663e15c27f5c9aa1b3e172f029"}, "37": {"filename": "7bc887d3705f24e91c82faa490b5298b", "name": "7bc887d3705f24e91c82faa490b5298b", "metadata": "7bc887d3705f24e91c82faa490b5298b"}, "38": {"filename": "eaf1990a4710c51a3d9aa17d9896d9fc", "name": "eaf1990a4710c51a3d9aa17d9896d9fc", "metadata": "eaf1990a4710c51a3d9aa17d9896d9fc"}, "39": {"filename": "1b4d20729163b15f089d82edfc22eb93", "name": "1b4d20729163b15f089d82edfc22eb93", "metadata": "1b4d20729163b15f089d82edfc22eb93"}, "40": {"filename": "0830d93732048da0d8b928a7085f850c", "name": "0830d93732048da0d8b928a7085f850c", "metadata": "0830d93732048da0d8b928a7085f850c"}, "41": {"filename": "6174df9d832ff98cc5853926915d431a", "name": "6174df9d832ff98cc5853926915d431a", "metadata": "6174df9d832ff98cc5853926915d431a"}, "42": {"filename": "fb2b83c5b04d8e430df6c91be039dcce", "name": "fb2b83c5b04d8e430df6c91be039dcce", "metadata": "fb2b83c5b04d8e430df6c91be039dcce"}, "43": {"filename": "f3e308280af9fba2a022695fd4193d7d", "name": "f3e308280af9fba2a022695fd4193d7d", "metadata": "f3e308280af9fba2a022695fd4193d7d"}, "44": {"filename": "5dd9953c0129f99cbf4d3c8e291f0669", "name": "5dd9953c0129f99cbf4d3c8e291f0669", "metadata": "5dd9953c0129f99cbf4d3c8e291f0669"}, "45": {"filename": "6b847819adf0872e95954d94977a4e7f", "name": "6b847819adf0872e95954d94977a4e7f", "metadata": "6b847819adf0872e95954d94977a4e7f"}, "46": {"filename": "418619ebf52a8049499489b4b2929b12", "name": "418619ebf52a8049499489b4b2929b12", "metadata": "418619ebf52a8049499489b4b2929b12"}}, "manifest_path": ".sbt.fosfomycin_training/fosfomycin_training.manifest.csv"}